1,12111414,Jiang Qizhen,Female,19,15648228450
2,12110809,Lv Qiufeng,Female,19,15088530748
3,11812628,Zheng Runyi,Male,22,15613461351
4,11612519,Dou Youqing,Female,24,18695976535
5,12011919,Alistair Smith,Male,20,18957760110
6,11311100,Jode Evans,Female,27,15015836603
7,11610329,Ross Edwards,Male,24,15082403377
8,11112326,Steven Taylor,Male,29,13838231084
9,11610803,Andrew Johnson,Male,24,13909231636
10,11110725,Juliana Harris,Female,29,18980805234
11,12012220,Fidelia Hall,Female,20,15028279376
12,11112911,Ted White,Male,29,13872798954
13,12112727,Polly Walker,Female,19,15662365107
14,11710106,Emlyn Clarke,Male,23,15608040152
15,11211510,Nicole Taylor,Female,28,15605395407
16,11910621,Mimi Jackson,Female,21,13938227972
17,12212123,Basil White,Male,18,18908173824
18,12111625,Cynthia Patel,Female,19,18678419999
19,12111906,Irwin Green,Male,19,13848256680
20,11711710,Priscilla Thompson,Female,23,15659160287
21,11711701,Carrie Clarke,Female,23,15656026139
22,11510201,Dulcie Patel,Female,25,18983135639
23,11810914,Debby Williams,Female,22,18643905431
24,11612521,Ralph Thompson,Male,24,18998586749
25,12110421,Lou Green,Male,19,13891114271
26,11212200,Nicholas Hughes,Male,28,18675499803
27,11411929,Gracie Thomas,Female,26,15616426004
28,11611508,Martina Patel,Female,24,15636960302
29,11911204,Malcolm Brown,Male,21,13929836941
30,12012309,Colin Jones,Male,20,15041003332
31,11210120,Vivian Brown,Male,28,13987264599
32,12211614,Wayne Taylor,Male,18,15070303753
33,11811426,Theobald Robinson,Male,22,13830333964
34,11810625,Katharine Thompson,Female,22,18622890184
35,11312521,Alistair Lewis,Male,27,13891971811
36,11212008,Rosalind Harris,Female,28,13821309686
37,11210622,Samuel Johnson,Male,28,15636249914
38,11311906,Tessa White,Female,27,13963976928
39,11211002,Lisa Smith,Female,28,18924197525
40,11612024,Bernie Smith,Male,24,13970817292
41,11910916,Joseph Taylor,Male,21,13982600859
42,11611210,Camilla Thompson,Female,24,13933012299
43,11510416,Joseph Davies,Male,25,13853290517
44,11611627,Christine Evans,Female,24,18690580198
45,11910210,Sophia Davies,Female,21,13951024215
46,12111307,Lee Lewis,Male,19,18931182645
47,11411314,Theodore Jones,Male,26,15637550207
48,11611227,Hector White,Male,24,13932852743
49,11911804,Mabel Smith,Female,21,13860891882
50,12111613,Muriel White,Female,19,13856749672
51,11511523,Feng Zhenming,Male,25,18910019042
52,11510013,Yu Xuelu,Female,25,13930284659
53,12211518,Gracie Williams,Female,18,15654771734
54,11210008,Archibald Thompson,Male,28,15003945587
55,11612609,Jeanie Wilson,Female,24,13849533904
56,11510326,Theo White,Male,25,13986643179
57,11710803,Pius Hughes,Male,23,15040270297
58,11612301,Charlene Wright,Female,24,15097750967
59,11611811,Millie Robinson,Female,24,13976277480
60,11510305,Agnes Roberts,Female,25,18601984515
61,11810112,Murray Edwards,Male,22,18991801109
62,11511922,Enos White,Male,25,18638799648
63,11710512,Matt Thompson,Male,23,13932324056
64,11712202,Adelina Hughes,Female,23,13925252488
65,11512408,Sonia Wright,Female,25,18639197649
66,11812006,Sebastian Roberts,Male,22,13902204580
67,11611101,Christian White,Male,24,13957306066
68,11112918,Marilyn Harris,Female,29,15648043188
69,11710029,Dottie Walker,Female,23,18957621651
70,12011319,Bernie Wilson,Male,20,18641154719
71,11112316,Milton Hall,Male,29,15090666285
72,12212006,Karl Hughes,Male,18,13894495130
73,11512118,Elroy Edwards,Male,25,13943330557
74,11411901,Avis Roberts,Female,26,15005657290
75,12212215,Sally Thomas,Female,18,13896412880
76,12112001,Benjamin Green,Male,19,15691335568
77,11412713,Bobby Roberts,Male,26,18699239326
78,11510427,Sean Jackson,Male,25,18902436646
79,12110203,Andrew Davies,Male,19,18668717910
80,11610318,Mabel Patel,Female,24,13832293707
81,12211226,Hedwig Williams,Female,18,15695281764
82,11211217,Deirdre Evans,Female,28,15033852161
83,11611819,Tracy Johnson,Female,24,18930364600
84,11412900,Faustina Hall,Female,26,15660705495
85,12112122,Marcia Hall,Female,19,15069566546
86,11710914,Liz Jones,Female,23,18952324673
87,11212711,Jeffrey Robinson,Male,28,18658605272
88,11211610,Kirk Roberts,Male,28,18666463748
89,11412106,Feng Yixian,Male,26,13883896077
90,11712016,He Yunshuo,Male,23,15676339540
91,11811304,Zhang Wenke,Male,22,15085745621
92,11710012,Jiang Zibin,Male,23,15612372969
93,12010008,Wu Yuanchun,Female,20,13826019898
94,11810206,Shen Yuanchun,Female,22,15051980900
95,11310620,Lv Wanzhi,Female,27,18940947434
96,11512413,Chen Chunfu,Female,25,13822330958
97,11812826,Wang Jiaxuan,Male,22,13951342870
98,11912215,Qian Jingxiang,Male,21,18906077064
99,11910723,Hua Wenjing,Male,21,13841249541
100,11610317,Zhou Manrui,Male,24,13934970262
101,12211326,Yan Jiaye,Male,18,13857113998
102,11610101,He Benqing,Male,24,18699338307
103,11412820,Shi Shaohu,Male,26,18665305291
104,11712019,Shi Yuzhou,Male,23,15659504876
105,11211219,Chen Yuanxiang,Male,28,15639968841
106,12012820,Chen Dongyan,Female,20,13805440014
107,11111510,Julian Wilson,Male,29,15071361392
108,12011723,Poll Robinson,Female,20,15684292691
109,12010225,Frankie Wright,Male,20,13944468545
110,11212524,Joe Jackson,Male,28,13981892390
111,11412311,Mandy Smith,Female,26,15021347865
112,11911112,Fran Thompson,Female,21,15600681584
113,11711514,Sadie Hughes,Female,23,13997748487
114,11410502,Victor Lewis,Male,26,18937004621
115,11412623,Timothy Wright,Male,26,18913709126
116,11810104,Ed Davies,Male,22,13924863552
117,11710008,Nan Brown,Female,23,13908490013
118,11210425,Sara Patel,Female,28,15029521800
119,12011708,Micky Patel,Male,20,18936331523
120,12011424,Pam Wright,Female,20,15681418158
121,12210529,Moira Hughes,Female,18,15034261239
122,11511312,Leila Roberts,Female,25,15086821816
123,11111605,Lenny Jackson,Male,29,13941316848
124,11310829,Bob Lewis,Male,27,13947319351
125,11411019,Flora Thomas,Female,26,13802785616
126,11812007,Louisa Roberts,Female,22,18966855678
127,11510816,Persis Wright,Female,25,15626473469
128,11812407,Richie Roberts,Male,22,13913280853
129,11812728,Dudley White,Male,22,15014782427
130,12010120,Georgie Taylor,Female,20,15617066125
131,11712325,Benjamin Wilson,Male,23,15067783063
132,11710818,Ted Taylor,Male,23,15622407318
133,11311712,Roger White,Male,27,15657072117
134,12010313,Juliet Smith,Female,20,15098059461
135,11310324,Audrey Evans,Female,27,13867209171
136,11211017,Mildred Wright,Female,28,13933700776
137,11712200,Victor Lewis,Male,23,13918098997
138,11311901,Alistair Walker,Male,27,15066175538
139,11412011,Pat Wilson,Male,26,15624601488
140,11610326,Leslie Brown,Female,24,18649276288
141,11211429,Bonny Robinson,Female,28,13888867967
142,11310313,Octavius Davies,Male,27,15037128173
143,11411425,Fidelia Brown,Female,26,13968050454
144,12110429,Ray Wilson,Male,19,18904726351
145,12110020,Carrie Hughes,Female,19,13962102137
146,11510209,Dave Jones,Male,25,18684691080
147,12011702,Darrell Johnson,Male,20,13913298284
148,12012922,Patience Hughes,Female,20,15094646510
149,11211210,Winifred Roberts,Female,28,13950258526
150,11912320,Marcia Wright,Female,21,15019139646
151,11110405,Ollie Patel,Male,29,18943805369
152,11211620,Jackie Thomas,Female,28,15039530124
153,11511403,Florence Johnson,Female,25,13953574065
154,11911604,Diana Thompson,Female,21,13834712519
155,11910015,Crystal Walker,Female,21,13975605074
156,11710304,Jennifer Walker,Female,23,13947733265
157,11210026,Caesar Roberts,Male,28,15051773106
158,11210906,Salome Patel,Female,28,13969020238
159,11211721,Auberon Robinson,Male,28,15051381078
160,11812209,Florence Lewis,Female,22,18638300869
161,11810021,Julian Clarke,Male,22,13974711615
162,11610022,Rupert Walker,Male,24,13837332637
163,11710522,Jock Walker,Male,23,13847306454
164,12110704,Milton Smith,Male,19,15044189671
165,11612502,Ollie Smith,Male,24,15077767818
166,11612410,He Hanwu,Male,24,15601927407
167,11611500,Jing Kaiyu,Male,24,18649382405
168,11112520,Catherine Clarke,Female,29,13884191170
169,12112312,Wang Linglian,Female,19,18969987402
170,11910106,Zou Jingye,Male,21,18631626712
171,11410421,Zhou Hanling,Female,26,13994010802
172,11112116,Li Linglian,Female,29,13834907428
173,11912713,Wei Ruize,Male,21,18942952860
174,11210708,Yan Xiangheng,Male,28,13927999733
175,12212407,Hannah Jackson,Female,18,15686777514
176,11112504,Dermot Lewis,Male,29,15602715703
177,12010902,Burt Robinson,Male,20,15607919844
178,11811307,Robin Green,Female,22,15058014776
179,11911627,Olympia Thomas,Female,21,13912901670
180,12211913,Adolf Davies,Male,18,15075997121
181,12112006,Frieda Johnson,Female,19,18936329960
182,11710828,Jeff Lewis,Male,23,13897824252
183,11610900,Charlene Edwards,Female,24,15667741606
184,11610600,Lenny Harris,Male,24,18923081948
185,12110325,Ivan Harris,Male,19,13991194384
186,12111219,Danny Smith,Male,19,15656054124
187,11112822,Aggie Smith,Female,29,13890821768
188,11910717,Vivian Johnson,Male,21,15083663048
189,12212108,Ozzie Smith,Male,18,13900350627
190,11711609,Jim Johnson,Male,23,18908203198
191,12112210,Lucy Hall,Female,19,13884091597
192,12110225,Eleanor Patel,Female,19,15058335384
193,11410826,Rebecca Davies,Female,26,18695296614
194,11312828,Camilla Smith,Female,27,13966547841
195,12111112,Stan Thompson,Male,19,18987756675
196,11410100,Gavin Thomas,Male,26,13945479844
197,11911729,Bernadette Wilson,Female,21,18961189437
198,12011219,Nora Green,Female,20,13832927004
199,11911702,Frieda Thompson,Female,21,18992126544
200,11611106,Susan Johnson,Female,24,13861191981
201,11211305,Gillian Jones,Female,28,18651860969
202,11112919,Qi Yousong,Female,29,13983180228
203,11211517,Jiang Wenyin,Male,28,18670171493
204,11712500,Tao Erqing,Female,23,15651177344
205,12011818,Wang Yuyang,Female,20,18685658883
206,11811514,Chu Fangqin,Female,22,15053796611
207,11211708,Qi Erqing,Female,28,18957695206
208,11710825,Li Cailing,Female,23,13842545267
209,12111601,Zhao Jiayu,Male,19,18681271060
210,11412313,Zhu Zicheng,Male,26,13832687921
211,11511720,Hua Yuwen,Female,25,18909695537
212,11812127,He Wenming,Male,22,13869683917
213,11411616,Qi Rufeng,Female,26,18619187298
214,11310409,Xie Jiashuai,Male,27,13831725621
215,11112523,Qi Zhuyu,Male,29,13994163061
216,12111627,Zheng Hanxiang,Female,19,18670303787
217,12011416,Chen Ruoke,Male,20,15647985130
218,12211711,Zhou Leqiao,Female,18,18664254367
219,11412317,Xie Zicheng,Male,26,18926328538
220,11810208,Li Ningzhen,Female,22,15653467851
221,12211105,Zheng Bochang,Male,18,13972571291
222,11410101,Wu Yuyang,Female,26,15635108537
223,11510105,Wei Mufeng,Male,25,18698244030
224,11410318,Qi Ruize,Male,26,18669476121
225,11212815,Tao Jiaji,Male,28,15691425098
226,11612514,Yu Shanwei,Female,24,13909788477
227,12111825,Qing Zhuyu,Male,19,18682004975
228,11510023,Qing Maoan,Male,25,13850673191
229,11510426,Zhang Peiling,Female,25,13851979198
230,12211718,Xie Zhenming,Male,18,15691537032
231,11411917,Jiang Yuqiao,Female,26,15045639100
232,11611606,Cao Chuling,Female,24,13910040719
233,12112609,Wang Fanzhen,Female,19,15057996011
234,11212119,Zhou Zhongxiao,Male,28,18640776921
235,11312106,Tao Yixuan,Male,27,15668442761
236,11812018,Xu Ziyan,Male,22,18925403340
237,11111311,Zhang Zhaoyu,Male,29,13998207774
238,11110802,Feng Jingping,Female,29,13892932966
239,11512016,Fran Smith,Female,25,13982065462
240,11810126,Anne Jones,Female,22,15665588648
241,11410311,Martha Clarke,Female,26,18616903538
242,11512115,Undine Taylor,Female,25,18959715598
243,11710327,Dominic Green,Male,23,18621769806
244,11610016,Eric Lewis,Male,24,15013323584
245,11311902,Christian Wright,Male,27,13840211082
246,11910811,Glenda Taylor,Female,21,15090285509
247,11511317,Otto Clarke,Male,25,13812729202
248,11410014,Jeanie Evans,Female,26,15698201024
249,11912925,Edward Thompson,Male,21,13910781606
250,11612508,Tel Hughes,Male,24,15637211321
251,11612426,Joan Johnson,Female,24,13908204055
252,11911223,Dennis Patel,Male,21,15077553455
253,11210506,Adelina Taylor,Female,28,18698722990
254,12112604,Marilyn Hall,Female,19,15662126431
255,12011701,Uerica Hall,Female,20,15606761479
256,11811911,Bernadette Wright,Female,22,13829691837
257,11210413,Murray Davies,Male,28,15065481837
258,11712312,Anthea Smith,Female,23,13822403967
259,12011728,Xie Yishuang,Female,20,15681759413
260,11311024,Kong Yibo,Female,27,15038403217
261,11911115,Xu Yingzhi,Female,21,18664619638
262,11312922,Florence Walker,Female,27,18654131115
263,12210428,Auberon Smith,Male,18,18653845605
264,11310009,Felicity Roberts,Female,27,18622474204
265,11510409,Patience Robinson,Female,25,18693605151
266,11912303,Cherry Lewis,Female,21,13988771717
267,11410213,Janey Jackson,Female,26,13985048926
268,11112514,Martina Clarke,Female,29,15049305906
269,11511825,Marshall Roberts,Male,25,15078634397
270,12210524,Robby Jackson,Male,18,15606709103
271,11212823,Judy Wilson,Female,28,15089757539
272,11110916,Reg Johnson,Male,29,18685857534
273,11611019,Eli White,Male,24,18657056752
274,11812521,Errol White,Male,22,15632395694
275,11212510,Mary Wilson,Female,28,18626102534
276,11311817,Miriam Evans,Female,27,15609201594
277,11910706,Poll Jackson,Female,21,13805244864
278,12212027,Henry Lewis,Male,18,15672327497
279,11411612,Urania Walker,Female,26,15068229490
280,11612315,Amos Walker,Male,24,13863852369
281,12210020,Joseph Davies,Male,18,13855475664
282,11512902,Clarence Green,Male,25,15694718398
283,11310224,Geraint Walker,Male,27,15011638613
284,12212801,Jode Brown,Female,18,13911518558
285,11510006,Fiona Wilson,Female,25,18980108445
286,11611721,Sophronia Harris,Female,24,18672443902
287,12210929,Trevor Evans,Male,18,18622164699
288,12011018,Jessica Jones,Female,20,15625169397
289,11710004,Wilfred Smith,Male,23,18614883720
290,12211522,Steven Edwards,Male,18,15673757797
291,12211014,Edmund Clarke,Male,18,15683948868
292,12112211,Oliver Green,Male,19,15687147370
293,12110722,Ron Hall,Male,19,18659430348
294,12111323,Leslie Evans,Male,19,15086706736
295,11712222,Eulalia Brown,Female,23,15611521923
296,12211508,Leonard Clarke,Male,18,18904797951
297,11512202,Patti Jones,Female,25,13929714055
298,11812708,Graham Hughes,Male,22,15013857255
299,12211220,Patrick Johnson,Male,18,15059073373
300,11910129,Barbara Hall,Female,21,15001561594
301,11911120,Phoebe Smith,Female,21,18912328850
302,11710110,Hilda Harris,Female,23,13863391481
303,11211323,Anne Davies,Female,28,18946670873
304,12211603,Tommy Harris,Male,18,18981774268
305,11212724,Naomi Lewis,Female,28,15632679243
306,11211501,Ivy Walker,Female,28,13833189147
307,11511213,Joanne Jones,Female,25,18658136807
308,11612800,Lindsay Davies,Female,24,18943286924
309,12110614,Angelica Harris,Female,19,13801466057
310,12112505,Maureen Williams,Female,19,15075333888
311,12212915,Miranda Roberts,Female,18,18939713565
312,11311405,Alden Williams,Male,27,15624803627
313,11710128,Candida Jackson,Female,23,15620472095
314,11210204,Zou Haozhen,Male,28,18613342990
315,11911323,Jasper Wright,Male,21,15025038804
316,11110319,Clare Harris,Male,29,15022058632
317,11311921,Mary Clarke,Female,27,15017977858
318,11811417,Sandra Brown,Female,22,18929417326
319,11310305,Floyd Green,Male,27,13931236054
320,11312003,Malcolm Edwards,Male,27,13915906463
321,11412715,Crystal Brown,Female,26,15084309768
322,11512928,Lynn Brown,Female,25,13881429811
323,12011920,Luke Brown,Male,20,15653796360
324,11111217,Pete Evans,Male,29,15011038308
325,11611702,Sid Williams,Male,24,18621832099
326,11310703,Susanna Taylor,Female,27,15669197323
327,12212618,Jessy Clarke,Male,18,15622821239
328,11112206,Sal Edwards,Female,29,18983513679
329,12112300,Elsa Jones,Female,19,13877433063
330,11810722,Alma Williams,Female,22,15615781133
331,12111926,Aggie Smith,Female,19,15673271314
332,12110515,Cheryl White,Female,19,13848911709
333,11112416,Jesse Johnson,Male,29,15031069354
334,11110321,Olive Taylor,Female,29,18904349852
335,12112400,Felix Thomas,Male,19,18928363418
336,11712125,Lester Thompson,Male,23,13960497825
337,11411820,Charlene Hall,Female,26,15059383162
338,11611103,Amy Thompson,Female,24,15080247527
339,11410203,Theobald Thompson,Male,26,18628061981
340,12010421,Trudie Lewis,Female,20,18962375539
341,11611511,Clare Green,Female,24,15623523765
342,12011019,Ray Green,Male,20,18952408498
343,11311700,Brian Brown,Male,27,15009690461
344,11311229,Charlotte Davies,Female,27,13949976177
345,12111828,Betty Davies,Female,19,13950195338
346,12010703,Archibald Lewis,Male,20,18960333107
347,11112015,Sandra Williams,Female,29,18603309373
348,11310914,Noah Harris,Male,27,13935818451
349,11410820,Malachi Lewis,Male,26,13937820660
350,12210703,Karen Taylor,Female,18,13876720290
351,11312426,Gareth Thomas,Male,27,15064627892
352,11112908,Vivian Clarke,Male,29,18974833067
353,11112003,Jill Thomas,Female,29,13821451983
354,11111115,Evelyn Edwards,Female,29,15698087021
355,11410703,Melissa Evans,Female,26,15082681966
356,11211414,Tel Hughes,Male,28,15671223228
357,11710200,Paul Edwards,Male,23,13880541935
358,11711603,Isabel Clarke,Female,23,18907350082
359,11812801,Mitchell Hughes,Male,22,18978658432
360,11810706,Oz Smith,Male,22,15087063733
361,11812802,Hamilton Thomas,Male,22,15023535195
362,12111324,Allson Evans,Female,19,18668152894
363,12010605,Gracie Davies,Female,20,13890402716
364,11312304,Willy Patel,Male,27,15622520990
365,11210010,Vicky Hall,Female,28,13957748858
366,11812821,Teresa Davies,Female,22,13891982464
367,11712215,Moira Roberts,Female,23,15641994775
368,12110129,Dottie Thomas,Female,19,15085452010
369,11312409,Salome Robinson,Female,27,13866772753
370,11610927,Dustin Clarke,Male,24,13833246195
371,11512308,Jo Roberts,Female,25,13974570937
372,12211106,Benjamin Davies,Male,18,13866484683
373,11611112,Daniel Green,Male,24,18604930949
374,11810107,Anita Hall,Female,22,15682226940
375,11112709,Tina Hall,Female,29,15051134968
376,11411005,Scott Hall,Male,26,13902218906
377,11211116,Oliver Wilson,Male,28,15014605907
378,11312022,Lindsay Taylor,Female,27,13885244346
379,12210508,Allson Edwards,Female,18,15680720535
380,12010806,Arnold Wright,Male,20,13813278638
381,11911015,Lester Lewis,Male,21,18991507271
382,11810305,Ned Walker,Male,22,18920058215
383,11912417,Van Hughes,Male,21,15630507980
384,12212007,Florrie Williams,Female,18,15091345681
385,11112809,Brian Patel,Male,29,13991503837
386,12210427,Miranda Williams,Female,18,18614818998
387,11112415,Eva Harris,Female,29,18964807274
388,12010521,Theo Edwards,Male,20,18942438052
389,11212212,Yang Bisong,Female,28,15660871829
390,11711721,Zou Lengrou,Female,23,13825496694
391,12210516,Bai Xuelu,Female,18,13816578955
392,12011802,Qing Mining,Female,20,18987291370
393,12211417,Zhu Wenlu,Male,18,18687277158
394,11212621,Rosalie Evans,Female,28,13889409221
395,11611617,Bud Edwards,Male,24,18667249231
396,11610902,Mary Edwards,Female,24,18654024091
397,11512522,Richard Roberts,Male,25,13950813597
398,11310020,Lucinda Harris,Female,27,13834613733
399,11111304,Sean Jones,Male,29,15079603202
400,11410503,Norm Clarke,Male,26,15687418212
401,11212012,Maureen Davies,Female,28,18621719561
402,11711310,Rick Walker,Male,23,13845732810
403,11110711,Phoebe White,Female,29,13867433379
404,11912610,Elsa Lewis,Female,21,13963582437
405,11610606,Libby Patel,Female,24,18921558921
406,12112511,Bertran Hughes,Male,19,15686864496
407,11910806,Tricia Taylor,Female,21,18977282386
408,11611816,Lv Yinghui,Female,24,15671567687
409,12110806,Jing Zhidie,Female,19,18928273520
410,11211015,Feng Yishan,Female,28,15050103259
411,11111618,Jiang Qicheng,Male,29,18613460353
412,11810114,Chu Pingning,Female,22,13949837180
413,11211813,Yan Chunan,Male,28,18603989796
414,12211817,Han Siyu,Male,18,15697295343
415,11912728,Chu Youqing,Female,21,15660300594
416,11110111,Qi Haizhen,Female,29,18903816077
417,11112200,Qi Hanxiang,Male,29,18911319405
418,12211025,Hamilton Edwards,Male,18,18676194473
419,11911807,Dan Wright,Male,21,13988508833
420,11411910,Michael Harris,Male,26,13846486784
421,12212523,Mignon Walker,Female,18,18924870480
422,11112106,Gene Wright,Male,29,15610458103
423,11911424,Rosalind Roberts,Female,21,15066206015
424,11511423,Vincent Roberts,Male,25,18656005147
425,12111702,Greg Wright,Male,19,18980924072
426,11712313,Stanley Thomas,Male,23,18614288867
427,11711521,Olive Wright,Female,23,13844156177
428,11612205,Felix Walker,Male,24,15097426676
429,11510115,Susan Hall,Female,25,18972414010
430,11411720,Ed Harris,Male,26,13824150273
431,11410910,Nancy Wright,Female,26,13809059908
432,12210311,Sylvia Smith,Female,18,13808932915
433,12111907,Zhang Yilv,Female,19,18631655364
434,12010201,Zheng Jiaxuan,Male,20,15045496448
435,12011508,Yang Xiangheng,Male,20,13971686381
436,11111028,Jing Ziyu,Male,29,15695243997
437,11612421,Yang Nuobo,Male,24,15087215484
438,11611317,Qi Fanrui,Male,24,15041528785
439,11610700,You Yunzhi,Male,24,15684045816
440,11212217,Lv Shunhang,Male,28,18986869520
441,11511906,Shen Zhiteng,Male,25,13941916164
442,11312809,Zou Panlei,Female,27,15097673852
443,11712216,Zhu Fanyan,Female,23,18943927144
444,11510024,David Robinson,Male,25,13976135052
445,11310927,Toni Clarke,Female,27,15073675791
446,11310127,Cathy Edwards,Female,27,13965664105
447,12212700,Phil Robinson,Male,18,15630709639
448,12210120,Corinna Smith,Female,18,18958346054
449,11311615,Marshall Hall,Male,27,15004010251
450,11511524,Judy Wright,Female,25,13872056675
451,11911012,Georgina Smith,Female,21,15691496587
452,11610717,Jason Evans,Male,24,13995118915
453,11911402,Rosie Wilson,Female,21,15006191648
454,12011418,Gwendoline Thompson,Female,20,13979659683
455,11911118,Gene Jackson,Male,21,18658431890
456,11812701,Audrey Wright,Female,22,18949082118
457,11311619,Allen Walker,Male,27,13971923563
458,11510803,Vanessa Taylor,Female,25,15673419018
459,12010417,Basil White,Male,20,13903524310
460,12111227,Alfred Thomas,Male,19,18985327914
461,11410905,Philemen Brown,Male,26,15042197811
462,12211623,Abe Harris,Male,18,18976184464
463,11812423,Jane Robinson,Female,22,15070332166
464,11310103,Frank Jackson,Male,27,13816321884
465,11910017,Al Evans,Male,21,15639548357
466,12111028,Mike Evans,Male,19,15036042990
467,12111107,Maria Harris,Female,19,18671435981
468,11211527,Judith Edwards,Female,28,15025870700
469,11411312,Christopher Walker,Male,26,15016604133
470,11811615,Padraic Davies,Male,22,18610106228
471,11310110,Bridget Patel,Female,27,18943199652
472,11210712,Daisy Edwards,Female,28,15011121420
473,11410214,Saul Thompson,Male,26,13815670484
474,11511513,Gerald Thompson,Male,25,15091767921
475,11710218,Allson White,Female,23,15623346768
476,11612913,Sal Walker,Female,24,15066448396
477,11310212,Molly Wilson,Female,27,13867191407
478,11210713,Brittany White,Female,28,13899633547
479,11210514,Dermot Robinson,Male,28,18650644724
480,11911227,David Jackson,Male,21,15663811232
481,11512503,Zhou Yuyang,Female,25,13819826633
482,11512212,Qian Xiaodie,Female,25,13857683633
483,11412917,Qing Muxue,Female,26,18636223046
484,11511608,Kong Yuqiao,Female,25,15099570975
485,12111803,Dou Ruichen,Male,19,18643572672
486,11311011,Shi Congde,Male,27,18907982518
487,11410003,Wei Shengjian,Male,26,15093350281
488,11212120,Lou White,Male,28,15622710919
489,11512601,Norman Brown,Male,25,13924880879
490,11912318,Hal Taylor,Male,21,18999505149
491,11512713,Allen Williams,Male,25,15078834977
492,11512206,Li Rufeng,Female,25,13916883945
493,12112619,He Hanwu,Male,19,13805699635
494,11310425,Jiang Hanxuan,Female,27,18629063473
495,11812410,Li Danqing,Female,22,18673636686
496,11612727,Zhang Chilv,Female,24,13830355133
497,11712421,Feng Hendong,Female,23,13993818952
498,11412302,Jiang Jingjie,Male,26,15604747830
499,12112622,Jiang Zhenming,Male,19,13911532865
500,11510400,You Bisong,Female,25,18644459199
501,11810525,Liu Hanshuang,Female,22,15653974261
502,11910019,Zheng Biyan,Female,21,15031117856
503,11211422,Chen Ziyan,Male,28,13985564910
504,12212110,Han Leqiao,Female,18,15041556592
505,11211202,Tao Yihan,Female,28,13882601885
506,11711122,Yu Miaocui,Female,23,15694815599
507,11411829,Wu Mimei,Female,26,13942881431
508,11211029,Xu Fanrui,Male,28,18676986941
509,11411614,Qian  biqin,Female,26,18603986116
510,11511318,Zhou Hanan,Female,25,13876958194
511,11610109,Zhao Bandan,Female,24,15660112160
512,11811919,Kong Xiaohuai,Female,22,18633961030
513,12012621,Hua Haonan,Male,20,18682228818
514,11811720,Yan Yingwen,Female,22,15011117135
515,11511710,You Xiangxing,Male,25,13848331704
516,11810528,Wei Ruichen,Male,22,18630660033
517,11312100,Shi Tingping,Female,27,18917395106
518,11510102,Xu Lvping,Female,25,18999680234
519,11612811,Tao Hanfeng,Female,24,15609768742
520,11210406,Zou Biyan,Female,28,15066512800
521,11811223,Zhao  youhui,Female,22,18687016162
522,11712501,Jiang Boran,Male,23,13941181346
523,11412001,Wu Xiangxing,Male,26,15069982275
524,12210502,Jing Jiaji,Male,18,18971995428
525,12011924,Shi Ningtao,Female,20,18962441154
526,12210612,Jing Manyun,Female,18,18602368649
527,11211016,Theodoric Hughes,Male,28,13863625889
528,11912919,Otto Thomas,Male,21,15074427557
529,11210423,Diana Robinson,Female,28,13995890033
530,11311624,Gaston Harris,Male,27,15638575006
531,12112613,Mimi Green,Female,19,18987624415
532,11710805,Kent Wilson,Male,23,18677968674
533,12110528,Ronnie Jackson,Male,19,13870626048
534,11312723,Craig Jackson,Male,27,15643684197
535,12012421,Fidelia Wilson,Female,20,13909407406
536,11112029,Phyllis Evans,Female,29,18685322740
537,11410404,Joanne Taylor,Female,26,18929478204
538,11912404,Cecil Walker,Male,21,18908106812
539,12211320,Vivien Johnson,Female,18,15665186413
540,11711021,Evadne Patel,Female,23,18968189028
541,11511000,Hortensia Jackson,Female,25,15698891214
542,11611122,Feng Lewen,Male,24,15001256579
543,11911700,Lisa Taylor,Female,21,15685475495
544,11410106,Zhang Rongchun,Male,26,13876049145
545,12110824,Feng Ziyu,Male,19,18660093847
546,12012107,Qing Fanyan,Female,20,15068236084
547,11812422,Wei Leqiao,Female,22,18971543234
548,11812518,Jing Hanshuang,Female,22,18935024518
549,11511203,Jiang Feiqing,Female,25,15063346307
550,12110927,Han Hanwu,Male,19,18637769897
551,11710319,Qing Shiyun,Female,23,18647249691
552,12210022,Qi Yilang,Male,18,15042022862
553,12211003,Qian Nandie,Female,18,13877463593
554,12011517,Marcie Davies,Female,20,13853910784
555,11910202,Yang Huanwen,Female,21,13956409278
556,12112203,Zou Jiayu,Male,19,15028866306
557,11211418,Bai Dongtao,Female,28,13859120738
558,11112222,Yan Chilv,Female,29,18915653755
559,12110902,Dou Huaiyu,Male,19,13955823401
560,11411723,Wu Yunzhi,Male,26,13804242356
561,11912423,Lv Yinxiang,Male,21,15023405921
562,11612721,Wang Yingtao,Female,24,15074810279
563,12212815,Qi Lvwei,Female,18,13983501780
564,12210911,He Chilv,Female,18,18679946737
565,11412512,Lv Yuanxiang,Male,26,15044720365
566,11410529,Cao Yuanhong,Male,26,18679830367
567,11311524,Feng Erhan,Female,27,15611561542
568,11411412,Zheng Anran,Male,26,18618045550
569,12012502,Wei Zibin,Male,20,15066207398
570,11810002,Wang Wenqiu,Female,22,13863422390
571,11511814,Sun Chufeng,Female,25,18980635996
572,11111113,Tricia Lewis,Female,29,15644251290
573,11211302,Rosalyn Jones,Female,28,13905966109
574,11312229,Craig Thompson,Male,27,15002945019
575,11211428,Dan Thomas,Male,28,15698372907
576,11911902,Chu Yiqing,Female,21,13880989505
577,11512809,Sun Hanxiang,Female,25,15059741639
578,11510826,Yu Kaiyu,Male,25,13982873533
579,11511413,Zhou Shishan,Female,25,13805315084
580,11411003,Yu Feiqing,Female,26,18922745977
581,12211415,Shi Tianlan,Female,18,15064950347
582,11311028,Wei Runbin,Male,27,15633980855
583,11711728,Qi Jiaye,Male,23,13885966956
584,12011500,Sun Siyu,Male,20,18941979727
585,11412326,Yu Ziyun,Female,26,13941972839
586,12010909,Zhu Yueqi,Male,20,18951255896
587,11112606,Wei Yanhong,Male,29,13880795819
588,11210909,Qing Qizheng,Male,28,15052254763
589,11711714,Cao Yanlei,Female,23,15051467267
590,11912706,Dou Huanqing,Female,21,13977560856
591,11911800,Sun  biqin,Female,21,13986404059
592,11610015,Yan Xiaofeng,Male,24,15690792395
593,11610925,Shui Xiangchen,Male,24,15083994279
594,11711209,Zou Xiaorou,Female,23,18627930507
595,12112900,Wang Zhengsong,Male,19,13921608724
596,12112902,Qi Binzhu,Male,19,15651555135
597,11312700,You Shengjian,Male,27,15063264518
598,11210925,Dou Yansen,Male,28,18909134675
599,11612909,Xu Yixian,Male,24,13935911937
600,11611905,Jing Xiaotian,Female,24,18993374707
601,12112707,Jing Chutai,Male,19,15670838760
602,11112126,Wang Nuobo,Male,29,18986871484
603,11712922,He Fangqin,Female,23,13938113424
604,11511410,Liu Feilei,Female,25,15665437795
605,11512104,Zhou Lengrou,Female,25,15024361112
606,11710709,Zhang Jiayu,Male,23,15035685329
607,11510407,Lv Jingwei,Male,25,18930958702
608,12010126,Jiang Junzhuo,Male,20,13841436603
609,11210028,Shen Qizhen,Female,28,18687812134
610,11210512,Hua Erqiu,Female,28,15628052977
611,11510902,Chu Yiqing,Female,25,15056215954
612,11512218,Wang Jinbo,Male,25,15609346411
613,12011529,Zhang Wanzhi,Female,20,13934753084
614,12211000,Feng Ermei,Female,18,15086534755
615,11311108,You Hanfeng,Female,27,13902596073
616,11712907,Tao Yinghui,Female,23,15020644976
617,12012613,Xie Tingwei,Female,20,15638248700
618,11612422,George Smith,Male,24,18694675683
619,12211502,Camilla Smith,Female,18,13888156877
620,11110611,Jackie Taylor,Female,29,15037461347
621,11612910,Dou Youtong,Male,24,13924463586
622,11912419,Cao Jiashu,Male,21,13982935548
623,11210011,Feng Chutai,Male,28,13909557872
624,12211905,Chu Guqiu,Female,18,15629576611
625,11510010,Xie Linchuan,Male,25,13963778907
626,11112607,Wu Jianxi,Male,29,18913537836
627,12212927,Jing Yingtian,Female,18,15669666192
628,11511127,Kong Youqing,Female,25,15641123045
629,11912623,Wei Maoan,Male,21,18907614854
630,12110324,Della Johnson,Female,19,18988585952
631,12011917,Feng Shuliu,Female,20,15605980669
632,11712520,Shen Mengchao,Male,23,13848720803
633,11810916,Zhou Yuandong,Female,22,15024083648
634,11412816,Zou Moyu,Male,26,13949270728
635,12212719,Bai Zibin,Male,18,13978258053
636,11910524,Wu Fanrui,Male,21,13910481219
637,11711214,Hilda Clarke,Female,23,15689457853
638,11612806,Sun Nianlan,Female,24,15652032545
639,12012116,Jiang Shengxiang,Male,20,15639234045
640,11412101,Qi Xiangling,Female,26,15600505124
641,11612805,Wang Shuliu,Female,24,15067727199
642,12212008,Zheng Rusi,Female,18,15694603232
643,11612918,Han Pingtian,Female,24,18683156813
644,11812124,Bai Dongshuang,Female,22,13815686144
645,11612717,Wei Shiyan,Female,24,15674552802
646,11212719,Zhou Yishuang,Female,28,15061565341
647,11511625,Chen Dongyan,Female,25,15099875207
648,12111718,Lv Ruoke,Male,19,13949123975
649,12211403,Chu Yingzhi,Female,18,13892297977
650,11111429,Yang Youling,Female,29,18600332576
651,11710215,Jiang Yahe,Female,23,13945549155
652,11812022,Natalie Taylor,Female,22,18990290945
653,11711922,Kong Huaibai,Female,23,18643797214
654,12112329,Sun Hanxuan,Female,19,18644716340
655,11611903,Xie Yuyang,Female,24,13944671764
656,11911428,Zhang Qintao,Male,21,15098553535
657,12211405,Li Jingwen,Male,18,13968175165
658,11312609,You Dongsi,Female,27,18955639487
659,11912507,Qian Xiaofeng,Female,21,13854197619
660,11710721,Xie Minghan,Male,23,18653864171
661,12211001,Zhang Yunzhi,Male,18,18934670692
662,11110816,Yang Jingjie,Male,29,18695883703
663,11611223,Kong Chengjun,Male,24,13963900648
664,11110624,Li Bingzhi,Male,29,18630558721
665,11512325,Dou Youyi,Female,25,18697159896
666,11712115,Bai Youyi,Female,23,13820491699
667,11710209,Richard Edwards,Male,23,13815125118
668,11512914,Carl Roberts,Male,25,13959111644
669,11410306,Zhao Rongchun,Male,26,15074922863
670,12210519,Shui Zuirou,Female,18,18687389223
671,11712128,He Wenyin,Male,23,18961133099
672,11112312,Shui Zhuyu,Male,29,13866763281
673,11112928,Bai Muhua,Male,29,13848283803
674,11610219,Li Yingtian,Female,24,15661798348
675,11111715,Chu Shengxiang,Male,29,13968713358
676,12211322,Qian Yuyang,Female,18,18917509086
677,11512213,Bai Ningzhen,Female,25,13817326705
678,12012629,He Hongbang,Male,20,18673404616
679,12110800,Wu Jiayu,Male,19,13981604436
680,11910709,Jiang Hanlan,Female,21,18637953695
681,12112825,Qian Huahong,Male,19,15036808740
682,11812108,Zhao Zhengsong,Male,22,13872170639
683,11512017,Zou Moyu,Male,25,13949333244
684,11612902,Yan Panhai,Female,24,13885393179
685,11611410,Chen Chundie,Female,24,18987365407
686,11512823,Wang Qiuyan,Female,25,15035025121
687,12211619,Qi Guqiu,Female,18,18600565512
688,12111621,Yang Congde,Male,19,13990246914
689,11311215,Yu Youcui,Female,27,18603731574
690,11310719,Han Changfei,Male,27,13986084233
691,11210418,Yang Penglong,Male,28,18690429590
692,11910910,Hua Boran,Male,21,15678864028
693,12111401,Shen Yuming,Male,19,15087423983
694,11710328,Wu Nuobo,Male,23,18689937217
695,11111727,Wang Qimei,Female,29,13860021464
696,11911609,Chen Gurui,Female,21,18674936591
697,11410520,Shi Yishan,Male,26,15049514536
698,11210503,Dou Lingzhi,Female,28,18913957932
699,12011310,Malachi Hughes,Male,20,15692037530
700,11612520,Montgomery Hughes,Male,24,13960406694
701,12010010,Jess White,Female,20,18628521261
702,12110925,Flora Taylor,Female,19,15017307252
703,11610812,Hortensia Johnson,Female,24,13892780356
704,11611609,Di Hall,Female,24,13863451067
705,12211404,Kong Ningbai,Female,18,15036461258
706,12010114,Qian Jichen,Male,20,18678743295
707,12212423,Wu Ruoyan,Female,18,18676352982
708,11810411,Dou Yishuang,Female,22,18697569508
709,11911319,Wu Yuke,Male,21,15697716653
710,11811618,Li Jingwen,Male,22,15051112476
711,12011126,Stewart Jones,Male,20,18908287035
712,11612710,Shui Yihan,Female,24,13962668922
713,12012809,Chu Wenming,Male,20,18630883140
714,12011206,Cao Hanming,Male,20,18618114148
715,11411014,Yan Conglei,Female,26,18647979883
716,11212228,June Hall,Female,28,18971216787
717,12111303,Kong Shanwei,Female,19,18937157948
718,11112406,Qian Junqin,Male,29,15621313057
719,11112214,Lv Jiamin,Male,29,18605231640
720,12110502,Zhou Lewen,Male,19,13987398085
721,11810712,Yan Shilan,Female,22,15092302621
722,11311904,Wang Jiayu,Male,27,15005896783
723,11810727,Han Yuzhou,Male,22,18996293617
724,11212025,Lv Xinyue,Male,28,13928101294
725,11110325,Xu Shiyun,Female,29,13990824090
726,11511007,You Jingyun,Male,25,13979841817
727,12111027,Cao Feilei,Female,19,13923207645
728,11312113,Lv Jianrong,Male,27,18941514162
729,11311326,Yang Feining,Female,27,13829954971
730,11310908,Yan Rongchun,Male,27,13844681925
731,11810204,Wei Xiaoshan,Female,22,15069443206
732,11112611,Xu Yuanhong,Male,29,13839324198
733,11911416,Cao Yueqi,Male,21,15057947264
734,11511019,Han  qizhen,Female,25,15084888189
735,12212520,Zhu Yunzhi,Male,18,15071044773
736,11611812,Wang Feifeng,Female,24,13934358401
737,11310722,Qian Bochang,Male,27,18912693787
738,11810110,Shen Tianfan,Female,22,15088879110
739,11810719,Kong Xiangzhe,Male,22,18608114189
740,11711207,Xu  menghan,Female,23,18931198598
741,11411022,Jing Jishan,Female,26,18649055055
742,11312522,Qian Yaxia,Female,27,15007334154
743,11811908,Tao Bochang,Male,22,15059214621
744,11710812,Sun Yankun,Male,23,18922417437
745,11810907,Zheng Zibin,Male,22,13818250928
746,11111203,Zhu Yiye,Male,29,18989797324
747,11310827,You Taian,Male,27,18936275779
748,11111801,Shui Mengbai,Female,29,18966070898
749,11411127,Cao Ruyu,Male,26,18945455832
750,11410413,Leila Smith,Female,26,13844258588
751,12210019,Yang Zhengkai,Male,18,18974863624
752,11912109,Yang Jingwen,Male,21,18946575272
753,11711516,Chu Qiuman,Female,23,15071536983
754,11110502,Jiang Yibo,Female,29,15053833226
755,11811626,Han Chenjia,Male,22,18937643936
756,12011525,Zou Youling,Female,20,18988482692
757,11711129,Yan Linghai,Female,23,18667175067
758,11410806,Wu Fanrui,Male,26,13952606129
759,12012028,Dora Thompson,Female,20,15693789626
760,11711304,Bai Jingping,Female,23,18603683635
761,11111906,Xu Dongqing,Female,29,18906327698
762,11210921,Hua Yizhen,Female,28,18687747201
763,11112718,Joanne White,Female,29,15696020889
764,11210513,Shen Mingliang,Male,28,18685251708
765,12212112,Liu Mengbai,Female,18,18644263375
766,11410208,He Pengxiao,Male,26,13992952835
767,11611029,Jiang Jingwen,Male,24,15647649410
768,12212302,Xu Hanxuan,Female,18,18937114201
769,11710903,Bai Yingtian,Female,23,13885753171
770,11411716,Zhang Mimei,Female,26,13839866372
771,12210904,Shen Yuzhou,Male,18,15633087233
772,12111620,Wei Zhuodong,Male,19,18678923634
773,12011005,Zou Muman,Female,20,15082906238
774,11411217,Tao Xixia,Female,26,18913371070
775,11410326,Liu Jinquan,Male,26,18687089220
776,11510005,Yan Ningyang,Female,25,15649764801
777,11412110,Xu Qintao,Male,26,13907947978
778,12112114,Jing Qize,Male,19,18911514543
779,12112222,Kong Qiaobai,Female,19,18962148638
780,11510629,Jiang Lengrou,Female,25,15078677864
781,11310514,Wei Ruichen,Male,27,13959351161
782,11711321,Jiang Yixuan,Male,23,15612455594
783,11410708,Shui Rusi,Female,26,13979147586
784,12110728,Qi Yishan,Male,19,18606430869
785,12112115,Shen Jinquan,Male,19,15086986800
786,11611408,Tao Yishan,Female,24,15651274265
787,11410313,Jing Binzhu,Male,26,13934274717
788,12112827,Dou Youtong,Male,19,13901526703
789,11210611,He Yukun,Male,28,18967603677
790,11110313,Tommy Davies,Male,29,13965685007
791,11410027,Kong Maoan,Male,26,13864597380
792,11812319,Zheng Manlv,Female,22,15006794564
793,11511914,Shi Binggan,Male,25,18976035237
794,11812905,You Xiangxing,Male,22,13924787705
795,11812226,Qing Muhao,Male,22,18979820269
796,11812011,Qian Qianyi,Female,22,13842183816
797,11412919,Yan Yusong,Female,26,13915520945
798,11510606,Qian Yuanxiang,Male,25,18688985462
799,11211012,Wu Ruyu,Male,28,15033727825
800,11610012,Chen Xiangman,Female,24,18950665504
801,11411506,Zhou Yihao,Male,26,18699556584
802,12210114,Wang Chumei,Female,18,18605924146
803,11612606,Shen Lisheng,Male,24,13861013178
804,11512521,Yu Yixian,Male,25,18928820996
805,11410007,Xu Nuobo,Male,26,18691284519
806,11512220,Yan Yingzhi,Female,25,18692168525
807,11610603,Wei Yangyang,Male,24,15661025568
808,11812213,Yu Qizheng,Male,22,13884540617
809,11910404,Sun Yinger,Female,21,13906794354
810,11110209,Jiang Weian,Male,29,13898155043
811,12112420,He Ruoyun,Female,19,15621794465
812,11110923,Xu Ruichen,Male,29,13821706846
813,12111125,Zhou Huiran,Male,19,18604808591
814,11311914,Lv Yunzhi,Male,27,15086743807
815,12012001,Zhao Yuxuan,Male,20,18908905381
816,12012712,Zhu Hanxuan,Female,20,18639347903
817,12111022,Zou Linshan,Male,19,13809404711
818,11311115,Chu Linchuan,Male,27,15080256415
819,11210928,Jing Nianlan,Female,28,18664669055
820,12210320,Qian Yupeng,Male,18,18977785520
821,11710900,Hua Cailing,Female,23,13836235059
822,11912220,Han Anxuan,Female,21,18686914320
823,12111519,Zou Youyi,Female,19,18603455227
824,11411706,Feng Runbin,Male,26,18651835501
825,11710729,Bai Chutai,Male,23,15690813331
826,11310924,Yan Zicheng,Male,27,13965241362
827,11411211,Zou Xintao,Male,26,15052391875
828,11112716,Yang  zixue,Female,29,15664059213
829,11912112,Kong Nianyang,Female,21,13999858015
830,11312223,Hua Zhuodong,Male,27,18634713970
831,11811901,He Qizhen,Female,22,13961013521
832,11110226,Jing Shiyi,Male,29,15073848489
833,12210821,Wei Bingzhi,Male,18,13808031042
834,11210316,He Huaibai,Female,28,18615409124
835,11411326,Han Peixiang,Female,26,15054504848
836,12210926,Chen Yuanjun,Male,18,18686339281
837,12011706,Qian Yukun,Male,20,13820591356
838,11411124,Zhou Qimei,Female,26,18932304528
839,11111024,He Leshuang,Female,29,13950610498
840,11810014,He Hanan,Female,22,15661971857
841,11912616,Sun Haoyan,Male,21,18610065255
842,12111607,Qing Yousong,Female,19,18919266551
843,11211915,Sun Shizhen,Female,28,13871926181
844,11510812,Zheng Rongchun,Male,25,13844791357
845,11210219,Tao Zhiyong,Male,28,13955068968
846,11811718,Jiang Yingzhi,Female,22,13872012534
847,11211904,Yu Shuzhen,Female,28,15002712259
848,11910127,Zhang Runyi,Male,21,18601703786
849,12210916,Qian Yuyang,Female,18,18693379558
850,12112013,Shen Zhengsong,Male,19,18910613781
851,12112802,Shen Shitong,Female,19,13826123601
852,11412615,Zhang Yousong,Female,26,18677768520
853,11111829,Dou Yunshuo,Male,29,15005616385
854,12012726,Jiang Tingping,Female,20,15640956081
855,11110410,Yu Ruichen,Male,29,15653633429
856,11511728,Sun Ruyu,Male,25,18630096502
857,12210029,Zhang Benqing,Male,18,13960918549
858,12111202,Tao Ercui,Female,19,13855084716
859,11411320,Han Hengran,Male,26,15017659962
860,11511902,Lv Shizhen,Female,25,15070802434
861,11112503,Hua Siyu,Male,29,13844751765
862,11512800,Chen Yueqi,Male,25,15696096714
863,11711716,Kong Pinglv,Female,23,15067667014
864,11811816,Wei Yingtian,Female,22,18950729224
865,11910725,Sun Tianlan,Female,21,18981600745
866,11911411,Qing Canning,Male,21,13898229676
867,12011115,Xu Bingzhi,Male,20,15666294015
868,11311510,Zhu Rufeng,Female,27,15010716872
869,11912900,Qian Yiyu,Female,21,15064462930
870,11312823,Zhou Yaokun,Male,27,15694798702
871,12211621,Jing Muhua,Male,18,15023695830
872,11712400,Qi Gulian,Female,23,13855733112
873,11711218,You Boran,Male,23,13963049796
874,11611225,Li Lewen,Male,24,13800724495
875,11611117,Zou Zhidie,Female,24,15008520109
876,11710621,Qian Qianqiu,Female,23,13826275879
877,11911206,Zhou Huanqing,Female,21,15060104803
878,11210628,Shi Runyi,Male,28,13911676010
879,12210722,Qi Yinxiang,Male,18,15076744537
880,11211615,He Banxiang,Female,28,18924078589
881,11610802,Xu Zhuyu,Male,24,18903294883
882,11612023,Yang Hanzhe,Male,24,18982417146
883,11311818,Yang Manyun,Female,27,18946478788
884,11111703,Xu Honglin,Male,29,13902792173
885,11210524,Jiang Rusi,Female,28,18668906200
886,12111922,Shui Nuobo,Male,19,13913540869
887,11210307,Wang Mucheng,Male,28,15068585157
888,11912729,Zhou Canqi,Male,21,15012145938
889,11210724,Tao Chengjun,Male,28,15034757254
890,12212519,Zheng Jingyun,Male,18,13913682824
891,12011017,Kong Yishan,Male,20,13846951812
892,11711517,Chen Hanfeng,Female,23,13852281965
893,11810008,Qing Jingping,Female,22,13829205071
894,11210706,Qi Jiabin,Male,28,13883890984
895,11411213,Zou Huasheng,Male,26,13890220609
896,11710100,Zhang  biqin,Female,23,13913466199
897,11310711,Qing Chumei,Female,27,13830026419
898,12110710,Sun Jiaxuan,Male,19,18965536051
899,11410600,Shen Yangchen,Male,26,13830653355
900,12212516,Qing Pingning,Female,18,15036759293
901,11410915,Xu Dongsi,Female,26,15618203439
902,11910808,Zou Banqin,Female,21,13901142432
903,11510516,Qian Shunhang,Male,25,13904943158
904,11812101,Liu Wenjing,Male,22,18659494427
905,11610809,Yan Yuanxiang,Male,24,15057827326
906,11410907,Cao Zicheng,Male,26,13973963674
907,11710213,Wei Youman,Female,23,15690572094
908,11110407,Yu Chutai,Male,29,13928637245
909,11211902,Xie Jiafu,Male,28,18680749663
910,11111424,Tao Shuxuan,Female,29,15085116120
911,11711115,Yu Huasheng,Male,23,15621142637
912,11310220,Zhu Yuanchun,Female,27,13927562806
913,11410122,Chu Runyi,Male,26,18665857267
914,11412417,Sun Wenyan,Female,26,18663855859
915,11210312,Zhu Honglin,Male,28,13825820064
916,11811124,Shi Hongbang,Male,22,18947053480
917,12010920,Kong Xiaocui,Female,20,15021189476
918,11812908,Jing Ziyan,Male,22,15688018946
919,11311223,Wang Lisheng,Male,27,13947865508
920,11111609,Bai Ermei,Female,29,18673422309
921,11610829,Kong Yuandong,Female,24,13957711628
922,12111228,Shi Tingping,Female,19,15061819814
923,11512607,Zhou Zhuodong,Male,25,13961123893
924,11412600,Xie Ercui,Female,26,18981092712
925,11510129,Kong Xumeng,Male,25,13943189492
926,11311306,Han Haizhen,Female,27,13821047811
927,11212203,You Qiaoqing,Female,28,13956614701
928,12111524,Jiang Jiaji,Male,19,18632801398
929,11711509,Zhang Binzhu,Male,23,13993214232
930,11610903,Zhang Miaorui,Male,24,18672794124
931,11112317,Chen Ziquan,Male,29,18900813304
932,11111206,Yang Baitao,Female,29,15660272878
933,11512419,Kong Aonan,Female,25,13891465941
934,11912012,Bai Hanzhe,Male,21,18938086436
935,11911722,Shi Guzhu,Female,21,18968522668
936,11612314,You Ruoke,Male,24,13940007283
937,12012601,Shui Huaiyun,Female,20,13916281841
938,11512702,Xie Wenyan,Female,25,18968451760
939,12211729,Shen Haifeng,Female,18,15620510105
940,11911407,Yang Guqiu,Female,21,18618885717
941,12112206,Qian Linghan,Female,19,13829631725
942,11511421,Qing Benqing,Male,25,13935686416
943,11111624,Li Benqing,Male,29,13889199951
944,11311313,Wei Shiyi,Male,27,13886365952
945,11410411,Qian Jishan,Female,26,13956678456
946,12212528,Chu Guqiu,Female,18,18974814682
947,12011011,He Yihao,Male,20,15652825716
948,11612829,Xu Yishan,Male,24,15045884000
949,12010216,Xu Jiashu,Male,20,15683516519
950,12010024,He Hanxiang,Male,20,18652217119
951,12112920,Qian Banxiang,Female,19,18620119860
952,11610322,Xie Tingqin,Female,24,13851038298
953,11411810,Zhang Zhixiang,Male,26,18648771704
954,12212622,Qing  zixue,Female,18,15657449973
955,11310607,Chen Haoyan,Male,27,13870705830
956,12111814,Chen Jiashuai,Male,19,15003660263
957,11911913,Chen Chenjia,Male,21,15098824410
958,12012023,Jing Yishan,Female,20,15604491880
959,11110306,You Qicheng,Male,29,15640275929
960,11210013,Hua Zhaoyu,Male,28,15699277820
961,12211926,Zhou Miyan,Female,18,15014782909
962,12210804,Yu Haonan,Male,18,18620772002
963,11712725,Xie Pingning,Female,23,15014021450
964,11410308,Chen Jiabin,Male,26,15052390956
965,11412126,Zhao Yankun,Male,26,15006083021
966,11210923,Dou Wanzhi,Female,28,15098913299
967,11411011,He Yuke,Male,26,13862391062
968,11911822,You Shaohu,Male,21,18985524552
969,12011102,Liu Miaorui,Male,20,13875091436
970,12012128,Zhao Yihao,Male,20,15052905135
971,11910305,Shen Mengbai,Female,21,13973701454
972,12110813,He Xinyue,Male,19,13928811240
973,12111726,Chu Jingwen,Male,19,15646720643
974,11412215,Jiang Fanrui,Male,26,13930330234
975,11410104,Zou Muxue,Female,26,18658582425
976,12211323,Qian Jiaxuan,Male,18,13857780312
977,11910007,Shi Zhuodong,Male,21,15648162947
978,11712901,Zheng Lvping,Female,23,15668995243
979,11612201,Zhu Tinghan,Female,24,18936952957
980,11211004,Zhu Weian,Male,28,15694244602
981,11212015,He Ruixun,Male,28,13864072467
982,11712513,Tao Manrui,Male,23,13825405039
983,11210225,Bai Rusi,Female,28,15080012926
984,11112303,Shi Wenming,Male,29,15079523863
985,12210416,Tao Yibo,Female,18,13866742389
986,11510914,Wu Xiangchen,Male,25,18662243923
987,12012818,Zhou Yanbai,Female,20,13835332483
988,12212709,Chen Nianer,Female,18,15697366927
989,12210614,Yan Shumeng,Female,18,15660589740
990,11610619,Shui Ruoyan,Female,24,18637811038
