Jiang Qizhen,12111414,Female,19,15648228450,
Lv Qiufeng,12110809,Female,19,15088530748,
Zheng Runyi,11812628,Male,22,15613461351,
Dou Youqing,11612519,Female,24,18695976535,
Alistair Smith,12011919,Male,20,18957760110,
Jode Evans,11311100,Female,27,15015836603,
Ross Edwards,11610329,Male,24,15082403377,
Steven Taylor,11112326,Male,29,13838231084,
Andrew Johnson,11610803,Male,24,13909231636,
Juliana Harris,11110725,Female,29,18980805234,
Fidelia Hall,12012220,Female,20,15028279376,
Ted White,11112911,Male,29,13872798954,
Polly Walker,12112727,Female,19,15662365107,
Emlyn Clarke,11710106,Male,23,15608040152,
Nicole Taylor,11211510,Female,28,15605395407,
Mimi Jackson,11910621,Female,21,13938227972,
Basil White,12212123,Male,18,18908173824,
Cynthia Patel,12111625,Female,19,18678419999,
Irwin Green,12111906,Male,19,13848256680,
Priscilla Thompson,11711710,Female,23,15659160287,
Carrie Clarke,11711701,Female,23,15656026139,
Dulcie Patel,11510201,Female,25,18983135639,
Debby Williams,11810914,Female,22,18643905431,
Ralph Thompson,11612521,Male,24,18998586749,
Lou Green,12110421,Male,19,13891114271,
Nicholas Hughes,11212200,Male,28,18675499803,
Gracie Thomas,11411929,Female,26,15616426004,
Martina Patel,11611508,Female,24,15636960302,
Malcolm Brown,11911204,Male,21,13929836941,
Colin Jones,12012309,Male,20,15041003332,
Vivian Brown,11210120,Male,28,13987264599,
Wayne Taylor,12211614,Male,18,15070303753,
Theobald Robinson,11811426,Male,22,13830333964,
Katharine Thompson,11810625,Female,22,18622890184,
Alistair Lewis,11312521,Male,27,13891971811,
Rosalind Harris,11212008,Female,28,13821309686,
Samuel Johnson,11210622,Male,28,15636249914,
Tessa White,11311906,Female,27,13963976928,
Lisa Smith,11211002,Female,28,18924197525,
Bernie Smith,11612024,Male,24,13970817292,
Joseph Taylor,11910916,Male,21,13982600859,
Camilla Thompson,11611210,Female,24,13933012299,
Joseph Davies,11510416,Male,25,13853290517,
Christine Evans,11611627,Female,24,18690580198,
Sophia Davies,11910210,Female,21,13951024215,
Lee Lewis,12111307,Male,19,18931182645,
Theodore Jones,11411314,Male,26,15637550207,
Hector White,11611227,Male,24,13932852743,
Mabel Smith,11911804,Female,21,13860891882,
Muriel White,12111613,Female,19,13856749672,
Feng Zhenming,11511523,Male,25,18910019042,
Yu Xuelu,11510013,Female,25,13930284659,
Gracie Williams,12211518,Female,18,15654771734,
Archibald Thompson,11210008,Male,28,15003945587,
Jeanie Wilson,11612609,Female,24,13849533904,
Theo White,11510326,Male,25,13986643179,
Pius Hughes,11710803,Male,23,15040270297,
Charlene Wright,11612301,Female,24,15097750967,
Millie Robinson,11611811,Female,24,13976277480,
Agnes Roberts,11510305,Female,25,18601984515,
Murray Edwards,11810112,Male,22,18991801109,
Enos White,11511922,Male,25,18638799648,
Matt Thompson,11710512,Male,23,13932324056,
Adelina Hughes,11712202,Female,23,13925252488,
Sonia Wright,11512408,Female,25,18639197649,
Sebastian Roberts,11812006,Male,22,13902204580,
Christian White,11611101,Male,24,13957306066,
Marilyn Harris,11112918,Female,29,15648043188,
Dottie Walker,11710029,Female,23,18957621651,
Bernie Wilson,12011319,Male,20,18641154719,
Milton Hall,11112316,Male,29,15090666285,
Karl Hughes,12212006,Male,18,13894495130,
Elroy Edwards,11512118,Male,25,13943330557,
Avis Roberts,11411901,Female,26,15005657290,
Sally Thomas,12212215,Female,18,13896412880,
Benjamin Green,12112001,Male,19,15691335568,
Bobby Roberts,11412713,Male,26,18699239326,
Sean Jackson,11510427,Male,25,18902436646,
Andrew Davies,12110203,Male,19,18668717910,
Mabel Patel,11610318,Female,24,13832293707,
Hedwig Williams,12211226,Female,18,15695281764,
Deirdre Evans,11211217,Female,28,15033852161,
Tracy Johnson,11611819,Female,24,18930364600,
Faustina Hall,11412900,Female,26,15660705495,
Marcia Hall,12112122,Female,19,15069566546,
Liz Jones,11710914,Female,23,18952324673,
Jeffrey Robinson,11212711,Male,28,18658605272,
Kirk Roberts,11211610,Male,28,18666463748,
Feng Yixian,11412106,Male,26,13883896077,
He Yunshuo,11712016,Male,23,15676339540,
Zhang Wenke,11811304,Male,22,15085745621,
Jiang Zibin,11710012,Male,23,15612372969,
Wu Yuanchun,12010008,Female,20,13826019898,
Shen Yuanchun,11810206,Female,22,15051980900,
Lv Wanzhi,11310620,Female,27,18940947434,
Chen Chunfu,11512413,Female,25,13822330958,
Wang Jiaxuan,11812826,Male,22,13951342870,
Qian Jingxiang,11912215,Male,21,18906077064,
Hua Wenjing,11910723,Male,21,13841249541,
Zhou Manrui,11610317,Male,24,13934970262,
Yan Jiaye,12211326,Male,18,13857113998,
He Benqing,11610101,Male,24,18699338307,
Shi Shaohu,11412820,Male,26,18665305291,
Shi Yuzhou,11712019,Male,23,15659504876,
Chen Yuanxiang,11211219,Male,28,15639968841,
Chen Dongyan,12012820,Female,20,13805440014,
Julian Wilson,11111510,Male,29,15071361392,
Poll Robinson,12011723,Female,20,15684292691,
Frankie Wright,12010225,Male,20,13944468545,
Joe Jackson,11212524,Male,28,13981892390,
Mandy Smith,11412311,Female,26,15021347865,
Fran Thompson,11911112,Female,21,15600681584,
Sadie Hughes,11711514,Female,23,13997748487,
Victor Lewis,11410502,Male,26,18937004621,
Timothy Wright,11412623,Male,26,18913709126,
Ed Davies,11810104,Male,22,13924863552,
Nan Brown,11710008,Female,23,13908490013,
Sara Patel,11210425,Female,28,15029521800,
Micky Patel,12011708,Male,20,18936331523,
Pam Wright,12011424,Female,20,15681418158,
Moira Hughes,12210529,Female,18,15034261239,
Leila Roberts,11511312,Female,25,15086821816,
Lenny Jackson,11111605,Male,29,13941316848,
Bob Lewis,11310829,Male,27,13947319351,
Flora Thomas,11411019,Female,26,13802785616,
Louisa Roberts,11812007,Female,22,18966855678,
Persis Wright,11510816,Female,25,15626473469,
Richie Roberts,11812407,Male,22,13913280853,
Dudley White,11812728,Male,22,15014782427,
Georgie Taylor,12010120,Female,20,15617066125,
Benjamin Wilson,11712325,Male,23,15067783063,
Ted Taylor,11710818,Male,23,15622407318,
Roger White,11311712,Male,27,15657072117,
Juliet Smith,12010313,Female,20,15098059461,
Audrey Evans,11310324,Female,27,13867209171,
Mildred Wright,11211017,Female,28,13933700776,
Victor Lewis,11712200,Male,23,13918098997,
Alistair Walker,11311901,Male,27,15066175538,
Pat Wilson,11412011,Male,26,15624601488,
Leslie Brown,11610326,Female,24,18649276288,
Bonny Robinson,11211429,Female,28,13888867967,
Octavius Davies,11310313,Male,27,15037128173,
Fidelia Brown,11411425,Female,26,13968050454,
Ray Wilson,12110429,Male,19,18904726351,
Carrie Hughes,12110020,Female,19,13962102137,
Dave Jones,11510209,Male,25,18684691080,
Darrell Johnson,12011702,Male,20,13913298284,
Patience Hughes,12012922,Female,20,15094646510,
Winifred Roberts,11211210,Female,28,13950258526,
Marcia Wright,11912320,Female,21,15019139646,
Ollie Patel,11110405,Male,29,18943805369,
Jackie Thomas,11211620,Female,28,15039530124,
Florence Johnson,11511403,Female,25,13953574065,
Diana Thompson,11911604,Female,21,13834712519,
Crystal Walker,11910015,Female,21,13975605074,
Jennifer Walker,11710304,Female,23,13947733265,
Caesar Roberts,11210026,Male,28,15051773106,
Salome Patel,11210906,Female,28,13969020238,
Auberon Robinson,11211721,Male,28,15051381078,
Florence Lewis,11812209,Female,22,18638300869,
Julian Clarke,11810021,Male,22,13974711615,
Rupert Walker,11610022,Male,24,13837332637,
Jock Walker,11710522,Male,23,13847306454,
Milton Smith,12110704,Male,19,15044189671,
Ollie Smith,11612502,Male,24,15077767818,
He Hanwu,11612410,Male,24,15601927407,
Jing Kaiyu,11611500,Male,24,18649382405,
Catherine Clarke,11112520,Female,29,13884191170,
Wang Linglian,12112312,Female,19,18969987402,
Zou Jingye,11910106,Male,21,18631626712,
Zhou Hanling,11410421,Female,26,13994010802,
Li Linglian,11112116,Female,29,13834907428,
Wei Ruize,11912713,Male,21,18942952860,
Yan Xiangheng,11210708,Male,28,13927999733,
Hannah Jackson,12212407,Female,18,15686777514,
Dermot Lewis,11112504,Male,29,15602715703,
Burt Robinson,12010902,Male,20,15607919844,
Robin Green,11811307,Female,22,15058014776,
Olympia Thomas,11911627,Female,21,13912901670,
Adolf Davies,12211913,Male,18,15075997121,
Frieda Johnson,12112006,Female,19,18936329960,
Jeff Lewis,11710828,Male,23,13897824252,
Charlene Edwards,11610900,Female,24,15667741606,
Lenny Harris,11610600,Male,24,18923081948,
Ivan Harris,12110325,Male,19,13991194384,
Danny Smith,12111219,Male,19,15656054124,
Aggie Smith,11112822,Female,29,13890821768,
Vivian Johnson,11910717,Male,21,15083663048,
Ozzie Smith,12212108,Male,18,13900350627,
Jim Johnson,11711609,Male,23,18908203198,
Lucy Hall,12112210,Female,19,13884091597,
Eleanor Patel,12110225,Female,19,15058335384,
Rebecca Davies,11410826,Female,26,18695296614,
Camilla Smith,11312828,Female,27,13966547841,
Stan Thompson,12111112,Male,19,18987756675,
Gavin Thomas,11410100,Male,26,13945479844,
Bernadette Wilson,11911729,Female,21,18961189437,
Nora Green,12011219,Female,20,13832927004,
Frieda Thompson,11911702,Female,21,18992126544,
Susan Johnson,11611106,Female,24,13861191981,
Gillian Jones,11211305,Female,28,18651860969,
Qi Yousong,11112919,Female,29,13983180228,
Jiang Wenyin,11211517,Male,28,18670171493,
Tao Erqing,11712500,Female,23,15651177344,
Wang Yuyang,12011818,Female,20,18685658883,
Chu Fangqin,11811514,Female,22,15053796611,
Qi Erqing,11211708,Female,28,18957695206,
Li Cailing,11710825,Female,23,13842545267,
Zhao Jiayu,12111601,Male,19,18681271060,
Zhu Zicheng,11412313,Male,26,13832687921,
Hua Yuwen,11511720,Female,25,18909695537,
He Wenming,11812127,Male,22,13869683917,
Qi Rufeng,11411616,Female,26,18619187298,
Xie Jiashuai,11310409,Male,27,13831725621,
Qi Zhuyu,11112523,Male,29,13994163061,
Zheng Hanxiang,12111627,Female,19,18670303787,
Chen Ruoke,12011416,Male,20,15647985130,
Zhou Leqiao,12211711,Female,18,18664254367,
Xie Zicheng,11412317,Male,26,18926328538,
Li Ningzhen,11810208,Female,22,15653467851,
Zheng Bochang,12211105,Male,18,13972571291,
Wu Yuyang,11410101,Female,26,15635108537,
Wei Mufeng,11510105,Male,25,18698244030,
Qi Ruize,11410318,Male,26,18669476121,
Tao Jiaji,11212815,Male,28,15691425098,
Yu Shanwei,11612514,Female,24,13909788477,
Qing Zhuyu,12111825,Male,19,18682004975,
Qing Maoan,11510023,Male,25,13850673191,
Zhang Peiling,11510426,Female,25,13851979198,
Xie Zhenming,12211718,Male,18,15691537032,
Jiang Yuqiao,11411917,Female,26,15045639100,
Cao Chuling,11611606,Female,24,13910040719,
Wang Fanzhen,12112609,Female,19,15057996011,
Zhou Zhongxiao,11212119,Male,28,18640776921,
Tao Yixuan,11312106,Male,27,15668442761,
Xu Ziyan,11812018,Male,22,18925403340,
Zhang Zhaoyu,11111311,Male,29,13998207774,
Feng Jingping,11110802,Female,29,13892932966,
Fran Smith,11512016,Female,25,13982065462,
Anne Jones,11810126,Female,22,15665588648,
Martha Clarke,11410311,Female,26,18616903538,
Undine Taylor,11512115,Female,25,18959715598,
Dominic Green,11710327,Male,23,18621769806,
Eric Lewis,11610016,Male,24,15013323584,
Christian Wright,11311902,Male,27,13840211082,
Glenda Taylor,11910811,Female,21,15090285509,
Otto Clarke,11511317,Male,25,13812729202,
Jeanie Evans,11410014,Female,26,15698201024,
Edward Thompson,11912925,Male,21,13910781606,
Tel Hughes,11612508,Male,24,15637211321,
Joan Johnson,11612426,Female,24,13908204055,
Dennis Patel,11911223,Male,21,15077553455,
Adelina Taylor,11210506,Female,28,18698722990,
Marilyn Hall,12112604,Female,19,15662126431,
Uerica Hall,12011701,Female,20,15606761479,
Bernadette Wright,11811911,Female,22,13829691837,
Murray Davies,11210413,Male,28,15065481837,
Anthea Smith,11712312,Female,23,13822403967,
Xie Yishuang,12011728,Female,20,15681759413,
Kong Yibo,11311024,Female,27,15038403217,
Xu Yingzhi,11911115,Female,21,18664619638,
Florence Walker,11312922,Female,27,18654131115,
Auberon Smith,12210428,Male,18,18653845605,
Felicity Roberts,11310009,Female,27,18622474204,
Patience Robinson,11510409,Female,25,18693605151,
Cherry Lewis,11912303,Female,21,13988771717,
Janey Jackson,11410213,Female,26,13985048926,
Martina Clarke,11112514,Female,29,15049305906,
Marshall Roberts,11511825,Male,25,15078634397,
Robby Jackson,12210524,Male,18,15606709103,
Judy Wilson,11212823,Female,28,15089757539,
Reg Johnson,11110916,Male,29,18685857534,
Eli White,11611019,Male,24,18657056752,
Errol White,11812521,Male,22,15632395694,
Mary Wilson,11212510,Female,28,18626102534,
Miriam Evans,11311817,Female,27,15609201594,
Poll Jackson,11910706,Female,21,13805244864,
Henry Lewis,12212027,Male,18,15672327497,
Urania Walker,11411612,Female,26,15068229490,
Amos Walker,11612315,Male,24,13863852369,
Joseph Davies,12210020,Male,18,13855475664,
Clarence Green,11512902,Male,25,15694718398,
Geraint Walker,11310224,Male,27,15011638613,
Jode Brown,12212801,Female,18,13911518558,
Fiona Wilson,11510006,Female,25,18980108445,
Sophronia Harris,11611721,Female,24,18672443902,
Trevor Evans,12210929,Male,18,18622164699,
Jessica Jones,12011018,Female,20,15625169397,
Wilfred Smith,11710004,Male,23,18614883720,
Steven Edwards,12211522,Male,18,15673757797,
Edmund Clarke,12211014,Male,18,15683948868,
Oliver Green,12112211,Male,19,15687147370,
Ron Hall,12110722,Male,19,18659430348,
Leslie Evans,12111323,Male,19,15086706736,
Eulalia Brown,11712222,Female,23,15611521923,
Leonard Clarke,12211508,Male,18,18904797951,
Patti Jones,11512202,Female,25,13929714055,
Graham Hughes,11812708,Male,22,15013857255,
Patrick Johnson,12211220,Male,18,15059073373,
Barbara Hall,11910129,Female,21,15001561594,
Phoebe Smith,11911120,Female,21,18912328850,
Hilda Harris,11710110,Female,23,13863391481,
Anne Davies,11211323,Female,28,18946670873,
Tommy Harris,12211603,Male,18,18981774268,
Naomi Lewis,11212724,Female,28,15632679243,
Ivy Walker,11211501,Female,28,13833189147,
Joanne Jones,11511213,Female,25,18658136807,
Lindsay Davies,11612800,Female,24,18943286924,
Angelica Harris,12110614,Female,19,13801466057,
Maureen Williams,12112505,Female,19,15075333888,
Miranda Roberts,12212915,Female,18,18939713565,
Alden Williams,11311405,Male,27,15624803627,
Candida Jackson,11710128,Female,23,15620472095,
Zou Haozhen,11210204,Male,28,18613342990,
Jasper Wright,11911323,Male,21,15025038804,
Clare Harris,11110319,Male,29,15022058632,
Mary Clarke,11311921,Female,27,15017977858,
Sandra Brown,11811417,Female,22,18929417326,
Floyd Green,11310305,Male,27,13931236054,
Malcolm Edwards,11312003,Male,27,13915906463,
Crystal Brown,11412715,Female,26,15084309768,
Lynn Brown,11512928,Female,25,13881429811,
Luke Brown,12011920,Male,20,15653796360,
Pete Evans,11111217,Male,29,15011038308,
Sid Williams,11611702,Male,24,18621832099,
Susanna Taylor,11310703,Female,27,15669197323,
Jessy Clarke,12212618,Male,18,15622821239,
Sal Edwards,11112206,Female,29,18983513679,
Elsa Jones,12112300,Female,19,13877433063,
Alma Williams,11810722,Female,22,15615781133,
Aggie Smith,12111926,Female,19,15673271314,
Cheryl White,12110515,Female,19,13848911709,
Jesse Johnson,11112416,Male,29,15031069354,
Olive Taylor,11110321,Female,29,18904349852,
Felix Thomas,12112400,Male,19,18928363418,
Lester Thompson,11712125,Male,23,13960497825,
Charlene Hall,11411820,Female,26,15059383162,
Amy Thompson,11611103,Female,24,15080247527,
Theobald Thompson,11410203,Male,26,18628061981,
Trudie Lewis,12010421,Female,20,18962375539,
Clare Green,11611511,Female,24,15623523765,
Ray Green,12011019,Male,20,18952408498,
Brian Brown,11311700,Male,27,15009690461,
Charlotte Davies,11311229,Female,27,13949976177,
Betty Davies,12111828,Female,19,13950195338,
Archibald Lewis,12010703,Male,20,18960333107,
Sandra Williams,11112015,Female,29,18603309373,
Noah Harris,11310914,Male,27,13935818451,
Malachi Lewis,11410820,Male,26,13937820660,
Karen Taylor,12210703,Female,18,13876720290,
Gareth Thomas,11312426,Male,27,15064627892,
Vivian Clarke,11112908,Male,29,18974833067,
Jill Thomas,11112003,Female,29,13821451983,
Evelyn Edwards,11111115,Female,29,15698087021,
Melissa Evans,11410703,Female,26,15082681966,
Tel Hughes,11211414,Male,28,15671223228,
Paul Edwards,11710200,Male,23,13880541935,
Isabel Clarke,11711603,Female,23,18907350082,
Mitchell Hughes,11812801,Male,22,18978658432,
Oz Smith,11810706,Male,22,15087063733,
Hamilton Thomas,11812802,Male,22,15023535195,
Allson Evans,12111324,Female,19,18668152894,
Gracie Davies,12010605,Female,20,13890402716,
Willy Patel,11312304,Male,27,15622520990,
Vicky Hall,11210010,Female,28,13957748858,
Teresa Davies,11812821,Female,22,13891982464,
Moira Roberts,11712215,Female,23,15641994775,
Dottie Thomas,12110129,Female,19,15085452010,
Salome Robinson,11312409,Female,27,13866772753,
Dustin Clarke,11610927,Male,24,13833246195,
Jo Roberts,11512308,Female,25,13974570937,
Benjamin Davies,12211106,Male,18,13866484683,
Daniel Green,11611112,Male,24,18604930949,
Anita Hall,11810107,Female,22,15682226940,
Tina Hall,11112709,Female,29,15051134968,
Scott Hall,11411005,Male,26,13902218906,
Oliver Wilson,11211116,Male,28,15014605907,
Lindsay Taylor,11312022,Female,27,13885244346,
Allson Edwards,12210508,Female,18,15680720535,
Arnold Wright,12010806,Male,20,13813278638,
Lester Lewis,11911015,Male,21,18991507271,
Ned Walker,11810305,Male,22,18920058215,
Van Hughes,11912417,Male,21,15630507980,
Florrie Williams,12212007,Female,18,15091345681,
Brian Patel,11112809,Male,29,13991503837,
Miranda Williams,12210427,Female,18,18614818998,
Eva Harris,11112415,Female,29,18964807274,
Theo Edwards,12010521,Male,20,18942438052,
Yang Bisong,11212212,Female,28,15660871829,
Zou Lengrou,11711721,Female,23,13825496694,
Bai Xuelu,12210516,Female,18,13816578955,
Qing Mining,12011802,Female,20,18987291370,
Zhu Wenlu,12211417,Male,18,18687277158,
Rosalie Evans,11212621,Female,28,13889409221,
Bud Edwards,11611617,Male,24,18667249231,
Mary Edwards,11610902,Female,24,18654024091,
Richard Roberts,11512522,Male,25,13950813597,
Lucinda Harris,11310020,Female,27,13834613733,
Sean Jones,11111304,Male,29,15079603202,
Norm Clarke,11410503,Male,26,15687418212,
Maureen Davies,11212012,Female,28,18621719561,
Rick Walker,11711310,Male,23,13845732810,
Phoebe White,11110711,Female,29,13867433379,
Elsa Lewis,11912610,Female,21,13963582437,
Libby Patel,11610606,Female,24,18921558921,
Bertran Hughes,12112511,Male,19,15686864496,
Tricia Taylor,11910806,Female,21,18977282386,
Lv Yinghui,11611816,Female,24,15671567687,
Jing Zhidie,12110806,Female,19,18928273520,
Feng Yishan,11211015,Female,28,15050103259,
Jiang Qicheng,11111618,Male,29,18613460353,
Chu Pingning,11810114,Female,22,13949837180,
Yan Chunan,11211813,Male,28,18603989796,
Han Siyu,12211817,Male,18,15697295343,
Chu Youqing,11912728,Female,21,15660300594,
Qi Haizhen,11110111,Female,29,18903816077,
Qi Hanxiang,11112200,Male,29,18911319405,
Hamilton Edwards,12211025,Male,18,18676194473,
Dan Wright,11911807,Male,21,13988508833,
Michael Harris,11411910,Male,26,13846486784,
Mignon Walker,12212523,Female,18,18924870480,
Gene Wright,11112106,Male,29,15610458103,
Rosalind Roberts,11911424,Female,21,15066206015,
Vincent Roberts,11511423,Male,25,18656005147,
Greg Wright,12111702,Male,19,18980924072,
Stanley Thomas,11712313,Male,23,18614288867,
Olive Wright,11711521,Female,23,13844156177,
Felix Walker,11612205,Male,24,15097426676,
Susan Hall,11510115,Female,25,18972414010,
Ed Harris,11411720,Male,26,13824150273,
Nancy Wright,11410910,Female,26,13809059908,
Sylvia Smith,12210311,Female,18,13808932915,
Zhang Yilv,12111907,Female,19,18631655364,
Zheng Jiaxuan,12010201,Male,20,15045496448,
Yang Xiangheng,12011508,Male,20,13971686381,
Jing Ziyu,11111028,Male,29,15695243997,
Yang Nuobo,11612421,Male,24,15087215484,
Qi Fanrui,11611317,Male,24,15041528785,
You Yunzhi,11610700,Male,24,15684045816,
Lv Shunhang,11212217,Male,28,18986869520,
Shen Zhiteng,11511906,Male,25,13941916164,
Zou Panlei,11312809,Female,27,15097673852,
Zhu Fanyan,11712216,Female,23,18943927144,
David Robinson,11510024,Male,25,13976135052,
Toni Clarke,11310927,Female,27,15073675791,
Cathy Edwards,11310127,Female,27,13965664105,
Phil Robinson,12212700,Male,18,15630709639,
Corinna Smith,12210120,Female,18,18958346054,
Marshall Hall,11311615,Male,27,15004010251,
Judy Wright,11511524,Female,25,13872056675,
Georgina Smith,11911012,Female,21,15691496587,
Jason Evans,11610717,Male,24,13995118915,
Rosie Wilson,11911402,Female,21,15006191648,
Gwendoline Thompson,12011418,Female,20,13979659683,
Gene Jackson,11911118,Male,21,18658431890,
Audrey Wright,11812701,Female,22,18949082118,
Allen Walker,11311619,Male,27,13971923563,
Vanessa Taylor,11510803,Female,25,15673419018,
Basil White,12010417,Male,20,13903524310,
Alfred Thomas,12111227,Male,19,18985327914,
Philemen Brown,11410905,Male,26,15042197811,
Abe Harris,12211623,Male,18,18976184464,
Jane Robinson,11812423,Female,22,15070332166,
Frank Jackson,11310103,Male,27,13816321884,
Al Evans,11910017,Male,21,15639548357,
Mike Evans,12111028,Male,19,15036042990,
Maria Harris,12111107,Female,19,18671435981,
Judith Edwards,11211527,Female,28,15025870700,
Christopher Walker,11411312,Male,26,15016604133,
Padraic Davies,11811615,Male,22,18610106228,
Bridget Patel,11310110,Female,27,18943199652,
Daisy Edwards,11210712,Female,28,15011121420,
Saul Thompson,11410214,Male,26,13815670484,
Gerald Thompson,11511513,Male,25,15091767921,
Allson White,11710218,Female,23,15623346768,
Sal Walker,11612913,Female,24,15066448396,
Molly Wilson,11310212,Female,27,13867191407,
Brittany White,11210713,Female,28,13899633547,
Dermot Robinson,11210514,Male,28,18650644724,
David Jackson,11911227,Male,21,15663811232,
Zhou Yuyang,11512503,Female,25,13819826633,
Qian Xiaodie,11512212,Female,25,13857683633,
Qing Muxue,11412917,Female,26,18636223046,
Kong Yuqiao,11511608,Female,25,15099570975,
Dou Ruichen,12111803,Male,19,18643572672,
Shi Congde,11311011,Male,27,18907982518,
Wei Shengjian,11410003,Male,26,15093350281,
Lou White,11212120,Male,28,15622710919,
Norman Brown,11512601,Male,25,13924880879,
Hal Taylor,11912318,Male,21,18999505149,
Allen Williams,11512713,Male,25,15078834977,
Li Rufeng,11512206,Female,25,13916883945,
He Hanwu,12112619,Male,19,13805699635,
Jiang Hanxuan,11310425,Female,27,18629063473,
Li Danqing,11812410,Female,22,18673636686,
Zhang Chilv,11612727,Female,24,13830355133,
Feng Hendong,11712421,Female,23,13993818952,
Jiang Jingjie,11412302,Male,26,15604747830,
Jiang Zhenming,12112622,Male,19,13911532865,
You Bisong,11510400,Female,25,18644459199,
Liu Hanshuang,11810525,Female,22,15653974261,
Zheng Biyan,11910019,Female,21,15031117856,
Chen Ziyan,11211422,Male,28,13985564910,
Han Leqiao,12212110,Female,18,15041556592,
Tao Yihan,11211202,Female,28,13882601885,
Yu Miaocui,11711122,Female,23,15694815599,
Wu Mimei,11411829,Female,26,13942881431,
Xu Fanrui,11211029,Male,28,18676986941,
Qian  biqin,11411614,Female,26,18603986116,
Zhou Hanan,11511318,Female,25,13876958194,
Zhao Bandan,11610109,Female,24,15660112160,
Kong Xiaohuai,11811919,Female,22,18633961030,
Hua Haonan,12012621,Male,20,18682228818,
Yan Yingwen,11811720,Female,22,15011117135,
You Xiangxing,11511710,Male,25,13848331704,
Wei Ruichen,11810528,Male,22,18630660033,
Shi Tingping,11312100,Female,27,18917395106,
Xu Lvping,11510102,Female,25,18999680234,
Tao Hanfeng,11612811,Female,24,15609768742,
Zou Biyan,11210406,Female,28,15066512800,
Zhao  youhui,11811223,Female,22,18687016162,
Jiang Boran,11712501,Male,23,13941181346,
Wu Xiangxing,11412001,Male,26,15069982275,
Jing Jiaji,12210502,Male,18,18971995428,
Shi Ningtao,12011924,Female,20,18962441154,
Jing Manyun,12210612,Female,18,18602368649,
Theodoric Hughes,11211016,Male,28,13863625889,
Otto Thomas,11912919,Male,21,15074427557,
Diana Robinson,11210423,Female,28,13995890033,
Gaston Harris,11311624,Male,27,15638575006,
Mimi Green,12112613,Female,19,18987624415,
Kent Wilson,11710805,Male,23,18677968674,
Ronnie Jackson,12110528,Male,19,13870626048,
Craig Jackson,11312723,Male,27,15643684197,
Fidelia Wilson,12012421,Female,20,13909407406,
Phyllis Evans,11112029,Female,29,18685322740,
Joanne Taylor,11410404,Female,26,18929478204,
Cecil Walker,11912404,Male,21,18908106812,
Vivien Johnson,12211320,Female,18,15665186413,
Evadne Patel,11711021,Female,23,18968189028,
Hortensia Jackson,11511000,Female,25,15698891214,
Feng Lewen,11611122,Male,24,15001256579,
Lisa Taylor,11911700,Female,21,15685475495,
Zhang Rongchun,11410106,Male,26,13876049145,
Feng Ziyu,12110824,Male,19,18660093847,
Qing Fanyan,12012107,Female,20,15068236084,
Wei Leqiao,11812422,Female,22,18971543234,
Jing Hanshuang,11812518,Female,22,18935024518,
Jiang Feiqing,11511203,Female,25,15063346307,
Han Hanwu,12110927,Male,19,18637769897,
Qing Shiyun,11710319,Female,23,18647249691,
Qi Yilang,12210022,Male,18,15042022862,
Qian Nandie,12211003,Female,18,13877463593,
Marcie Davies,12011517,Female,20,13853910784,
Yang Huanwen,11910202,Female,21,13956409278,
Zou Jiayu,12112203,Male,19,15028866306,
Bai Dongtao,11211418,Female,28,13859120738,
Yan Chilv,11112222,Female,29,18915653755,
Dou Huaiyu,12110902,Male,19,13955823401,
Wu Yunzhi,11411723,Male,26,13804242356,
Lv Yinxiang,11912423,Male,21,15023405921,
Wang Yingtao,11612721,Female,24,15074810279,
Qi Lvwei,12212815,Female,18,13983501780,
He Chilv,12210911,Female,18,18679946737,
Lv Yuanxiang,11412512,Male,26,15044720365,
Cao Yuanhong,11410529,Male,26,18679830367,
Feng Erhan,11311524,Female,27,15611561542,
Zheng Anran,11411412,Male,26,18618045550,
Wei Zibin,12012502,Male,20,15066207398,
Wang Wenqiu,11810002,Female,22,13863422390,
Sun Chufeng,11511814,Female,25,18980635996,
Tricia Lewis,11111113,Female,29,15644251290,
Rosalyn Jones,11211302,Female,28,13905966109,
Craig Thompson,11312229,Male,27,15002945019,
Dan Thomas,11211428,Male,28,15698372907,
Chu Yiqing,11911902,Female,21,13880989505,
Sun Hanxiang,11512809,Female,25,15059741639,
Yu Kaiyu,11510826,Male,25,13982873533,
Zhou Shishan,11511413,Female,25,13805315084,
Yu Feiqing,11411003,Female,26,18922745977,
Shi Tianlan,12211415,Female,18,15064950347,
Wei Runbin,11311028,Male,27,15633980855,
Qi Jiaye,11711728,Male,23,13885966956,
Sun Siyu,12011500,Male,20,18941979727,
Yu Ziyun,11412326,Female,26,13941972839,
Zhu Yueqi,12010909,Male,20,18951255896,
Wei Yanhong,11112606,Male,29,13880795819,
Qing Qizheng,11210909,Male,28,15052254763,
Cao Yanlei,11711714,Female,23,15051467267,
Dou Huanqing,11912706,Female,21,13977560856,
Sun  biqin,11911800,Female,21,13986404059,
Yan Xiaofeng,11610015,Male,24,15690792395,
Shui Xiangchen,11610925,Male,24,15083994279,
Zou Xiaorou,11711209,Female,23,18627930507,
Wang Zhengsong,12112900,Male,19,13921608724,
Qi Binzhu,12112902,Male,19,15651555135,
You Shengjian,11312700,Male,27,15063264518,
Dou Yansen,11210925,Male,28,18909134675,
Xu Yixian,11612909,Male,24,13935911937,
Jing Xiaotian,11611905,Female,24,18993374707,
Jing Chutai,12112707,Male,19,15670838760,
Wang Nuobo,11112126,Male,29,18986871484,
He Fangqin,11712922,Female,23,13938113424,
Liu Feilei,11511410,Female,25,15665437795,
Zhou Lengrou,11512104,Female,25,15024361112,
Zhang Jiayu,11710709,Male,23,15035685329,
Lv Jingwei,11510407,Male,25,18930958702,
Jiang Junzhuo,12010126,Male,20,13841436603,
Shen Qizhen,11210028,Female,28,18687812134,
Hua Erqiu,11210512,Female,28,15628052977,
Chu Yiqing,11510902,Female,25,15056215954,
Wang Jinbo,11512218,Male,25,15609346411,
Zhang Wanzhi,12011529,Female,20,13934753084,
Feng Ermei,12211000,Female,18,15086534755,
You Hanfeng,11311108,Female,27,13902596073,
Tao Yinghui,11712907,Female,23,15020644976,
Xie Tingwei,12012613,Female,20,15638248700,
George Smith,11612422,Male,24,18694675683,
Camilla Smith,12211502,Female,18,13888156877,
Jackie Taylor,11110611,Female,29,15037461347,
Dou Youtong,11612910,Male,24,13924463586,
Cao Jiashu,11912419,Male,21,13982935548,
Feng Chutai,11210011,Male,28,13909557872,
Chu Guqiu,12211905,Female,18,15629576611,
Xie Linchuan,11510010,Male,25,13963778907,
Wu Jianxi,11112607,Male,29,18913537836,
Jing Yingtian,12212927,Female,18,15669666192,
Kong Youqing,11511127,Female,25,15641123045,
Wei Maoan,11912623,Male,21,18907614854,
Della Johnson,12110324,Female,19,18988585952,
Feng Shuliu,12011917,Female,20,15605980669,
Shen Mengchao,11712520,Male,23,13848720803,
Zhou Yuandong,11810916,Female,22,15024083648,
Zou Moyu,11412816,Male,26,13949270728,
Bai Zibin,12212719,Male,18,13978258053,
Wu Fanrui,11910524,Male,21,13910481219,
Hilda Clarke,11711214,Female,23,15689457853,
Sun Nianlan,11612806,Female,24,15652032545,
Jiang Shengxiang,12012116,Male,20,15639234045,
Qi Xiangling,11412101,Female,26,15600505124,
Wang Shuliu,11612805,Female,24,15067727199,
Zheng Rusi,12212008,Female,18,15694603232,
Han Pingtian,11612918,Female,24,18683156813,
Bai Dongshuang,11812124,Female,22,13815686144,
Wei Shiyan,11612717,Female,24,15674552802,
Zhou Yishuang,11212719,Female,28,15061565341,
Chen Dongyan,11511625,Female,25,15099875207,
Lv Ruoke,12111718,Male,19,13949123975,
Chu Yingzhi,12211403,Female,18,13892297977,
Yang Youling,11111429,Female,29,18600332576,
Jiang Yahe,11710215,Female,23,13945549155,
Natalie Taylor,11812022,Female,22,18990290945,
Kong Huaibai,11711922,Female,23,18643797214,
Sun Hanxuan,12112329,Female,19,18644716340,
Xie Yuyang,11611903,Female,24,13944671764,
Zhang Qintao,11911428,Male,21,15098553535,
Li Jingwen,12211405,Male,18,13968175165,
You Dongsi,11312609,Female,27,18955639487,
Qian Xiaofeng,11912507,Female,21,13854197619,
Xie Minghan,11710721,Male,23,18653864171,
Zhang Yunzhi,12211001,Male,18,18934670692,
Yang Jingjie,11110816,Male,29,18695883703,
Kong Chengjun,11611223,Male,24,13963900648,
Li Bingzhi,11110624,Male,29,18630558721,
Dou Youyi,11512325,Female,25,18697159896,
Bai Youyi,11712115,Female,23,13820491699,
Richard Edwards,11710209,Male,23,13815125118,
Carl Roberts,11512914,Male,25,13959111644,
Zhao Rongchun,11410306,Male,26,15074922863,
Shui Zuirou,12210519,Female,18,18687389223,
He Wenyin,11712128,Male,23,18961133099,
Shui Zhuyu,11112312,Male,29,13866763281,
Bai Muhua,11112928,Male,29,13848283803,
Li Yingtian,11610219,Female,24,15661798348,
Chu Shengxiang,11111715,Male,29,13968713358,
Qian Yuyang,12211322,Female,18,18917509086,
Bai Ningzhen,11512213,Female,25,13817326705,
He Hongbang,12012629,Male,20,18673404616,
Wu Jiayu,12110800,Male,19,13981604436,
Jiang Hanlan,11910709,Female,21,18637953695,
Qian Huahong,12112825,Male,19,15036808740,
Zhao Zhengsong,11812108,Male,22,13872170639,
Zou Moyu,11512017,Male,25,13949333244,
Yan Panhai,11612902,Female,24,13885393179,
Chen Chundie,11611410,Female,24,18987365407,
Wang Qiuyan,11512823,Female,25,15035025121,
Qi Guqiu,12211619,Female,18,18600565512,
Yang Congde,12111621,Male,19,13990246914,
Yu Youcui,11311215,Female,27,18603731574,
Han Changfei,11310719,Male,27,13986084233,
Yang Penglong,11210418,Male,28,18690429590,
Hua Boran,11910910,Male,21,15678864028,
Shen Yuming,12111401,Male,19,15087423983,
Wu Nuobo,11710328,Male,23,18689937217,
Wang Qimei,11111727,Female,29,13860021464,
Chen Gurui,11911609,Female,21,18674936591,
Shi Yishan,11410520,Male,26,15049514536,
Dou Lingzhi,11210503,Female,28,18913957932,
Malachi Hughes,12011310,Male,20,15692037530,
Montgomery Hughes,11612520,Male,24,13960406694,
Jess White,12010010,Female,20,18628521261,
Flora Taylor,12110925,Female,19,15017307252,
Hortensia Johnson,11610812,Female,24,13892780356,
Di Hall,11611609,Female,24,13863451067,
Kong Ningbai,12211404,Female,18,15036461258,
Qian Jichen,12010114,Male,20,18678743295,
Wu Ruoyan,12212423,Female,18,18676352982,
Dou Yishuang,11810411,Female,22,18697569508,
Wu Yuke,11911319,Male,21,15697716653,
Li Jingwen,11811618,Male,22,15051112476,
Stewart Jones,12011126,Male,20,18908287035,
Shui Yihan,11612710,Female,24,13962668922,
Chu Wenming,12012809,Male,20,18630883140,
Cao Hanming,12011206,Male,20,18618114148,
Yan Conglei,11411014,Female,26,18647979883,
June Hall,11212228,Female,28,18971216787,
Kong Shanwei,12111303,Female,19,18937157948,
Qian Junqin,11112406,Male,29,15621313057,
Lv Jiamin,11112214,Male,29,18605231640,
Zhou Lewen,12110502,Male,19,13987398085,
Yan Shilan,11810712,Female,22,15092302621,
Wang Jiayu,11311904,Male,27,15005896783,
Han Yuzhou,11810727,Male,22,18996293617,
Lv Xinyue,11212025,Male,28,13928101294,
Xu Shiyun,11110325,Female,29,13990824090,
You Jingyun,11511007,Male,25,13979841817,
Cao Feilei,12111027,Female,19,13923207645,
Lv Jianrong,11312113,Male,27,18941514162,
Yang Feining,11311326,Female,27,13829954971,
Yan Rongchun,11310908,Male,27,13844681925,
Wei Xiaoshan,11810204,Female,22,15069443206,
Xu Yuanhong,11112611,Male,29,13839324198,
Cao Yueqi,11911416,Male,21,15057947264,
Han  qizhen,11511019,Female,25,15084888189,
Zhu Yunzhi,12212520,Male,18,15071044773,
Wang Feifeng,11611812,Female,24,13934358401,
Qian Bochang,11310722,Male,27,18912693787,
Shen Tianfan,11810110,Female,22,15088879110,
Kong Xiangzhe,11810719,Male,22,18608114189,
Xu  menghan,11711207,Female,23,18931198598,
Jing Jishan,11411022,Female,26,18649055055,
Qian Yaxia,11312522,Female,27,15007334154,
Tao Bochang,11811908,Male,22,15059214621,
Sun Yankun,11710812,Male,23,18922417437,
Zheng Zibin,11810907,Male,22,13818250928,
Zhu Yiye,11111203,Male,29,18989797324,
You Taian,11310827,Male,27,18936275779,
Shui Mengbai,11111801,Female,29,18966070898,
Cao Ruyu,11411127,Male,26,18945455832,
Leila Smith,11410413,Female,26,13844258588,
Yang Zhengkai,12210019,Male,18,18974863624,
Yang Jingwen,11912109,Male,21,18946575272,
Chu Qiuman,11711516,Female,23,15071536983,
Jiang Yibo,11110502,Female,29,15053833226,
Han Chenjia,11811626,Male,22,18937643936,
Zou Youling,12011525,Female,20,18988482692,
Yan Linghai,11711129,Female,23,18667175067,
Wu Fanrui,11410806,Male,26,13952606129,
Dora Thompson,12012028,Female,20,15693789626,
Bai Jingping,11711304,Female,23,18603683635,
Xu Dongqing,11111906,Female,29,18906327698,
Hua Yizhen,11210921,Female,28,18687747201,
Joanne White,11112718,Female,29,15696020889,
Shen Mingliang,11210513,Male,28,18685251708,
Liu Mengbai,12212112,Female,18,18644263375,
He Pengxiao,11410208,Male,26,13992952835,
Jiang Jingwen,11611029,Male,24,15647649410,
Xu Hanxuan,12212302,Female,18,18937114201,
Bai Yingtian,11710903,Female,23,13885753171,
Zhang Mimei,11411716,Female,26,13839866372,
Shen Yuzhou,12210904,Male,18,15633087233,
Wei Zhuodong,12111620,Male,19,18678923634,
Zou Muman,12011005,Female,20,15082906238,
Tao Xixia,11411217,Female,26,18913371070,
Liu Jinquan,11410326,Male,26,18687089220,
Yan Ningyang,11510005,Female,25,15649764801,
Xu Qintao,11412110,Male,26,13907947978,
Jing Qize,12112114,Male,19,18911514543,
Kong Qiaobai,12112222,Female,19,18962148638,
Jiang Lengrou,11510629,Female,25,15078677864,
Wei Ruichen,11310514,Male,27,13959351161,
Jiang Yixuan,11711321,Male,23,15612455594,
Shui Rusi,11410708,Female,26,13979147586,
Qi Yishan,12110728,Male,19,18606430869,
Shen Jinquan,12112115,Male,19,15086986800,
Tao Yishan,11611408,Female,24,15651274265,
Jing Binzhu,11410313,Male,26,13934274717,
Dou Youtong,12112827,Male,19,13901526703,
He Yukun,11210611,Male,28,18967603677,
Tommy Davies,11110313,Male,29,13965685007,
Kong Maoan,11410027,Male,26,13864597380,
Zheng Manlv,11812319,Female,22,15006794564,
Shi Binggan,11511914,Male,25,18976035237,
You Xiangxing,11812905,Male,22,13924787705,
Qing Muhao,11812226,Male,22,18979820269,
Qian Qianyi,11812011,Female,22,13842183816,
Yan Yusong,11412919,Female,26,13915520945,
Qian Yuanxiang,11510606,Male,25,18688985462,
Wu Ruyu,11211012,Male,28,15033727825,
Chen Xiangman,11610012,Female,24,18950665504,
Zhou Yihao,11411506,Male,26,18699556584,
Wang Chumei,12210114,Female,18,18605924146,
Shen Lisheng,11612606,Male,24,13861013178,
Yu Yixian,11512521,Male,25,18928820996,
Xu Nuobo,11410007,Male,26,18691284519,
Yan Yingzhi,11512220,Female,25,18692168525,
Wei Yangyang,11610603,Male,24,15661025568,
Yu Qizheng,11812213,Male,22,13884540617,
Sun Yinger,11910404,Female,21,13906794354,
Jiang Weian,11110209,Male,29,13898155043,
He Ruoyun,12112420,Female,19,15621794465,
Xu Ruichen,11110923,Male,29,13821706846,
Zhou Huiran,12111125,Male,19,18604808591,
Lv Yunzhi,11311914,Male,27,15086743807,
Zhao Yuxuan,12012001,Male,20,18908905381,
Zhu Hanxuan,12012712,Female,20,18639347903,
Zou Linshan,12111022,Male,19,13809404711,
Chu Linchuan,11311115,Male,27,15080256415,
Jing Nianlan,11210928,Female,28,18664669055,
Qian Yupeng,12210320,Male,18,18977785520,
Hua Cailing,11710900,Female,23,13836235059,
Han Anxuan,11912220,Female,21,18686914320,
Zou Youyi,12111519,Female,19,18603455227,
Feng Runbin,11411706,Male,26,18651835501,
Bai Chutai,11710729,Male,23,15690813331,
Yan Zicheng,11310924,Male,27,13965241362,
Zou Xintao,11411211,Male,26,15052391875,
Yang  zixue,11112716,Female,29,15664059213,
Kong Nianyang,11912112,Female,21,13999858015,
Hua Zhuodong,11312223,Male,27,18634713970,
He Qizhen,11811901,Female,22,13961013521,
Jing Shiyi,11110226,Male,29,15073848489,
Wei Bingzhi,12210821,Male,18,13808031042,
He Huaibai,11210316,Female,28,18615409124,
Han Peixiang,11411326,Female,26,15054504848,
Chen Yuanjun,12210926,Male,18,18686339281,
Qian Yukun,12011706,Male,20,13820591356,
Zhou Qimei,11411124,Female,26,18932304528,
He Leshuang,11111024,Female,29,13950610498,
He Hanan,11810014,Female,22,15661971857,
Sun Haoyan,11912616,Male,21,18610065255,
Qing Yousong,12111607,Female,19,18919266551,
Sun Shizhen,11211915,Female,28,13871926181,
Zheng Rongchun,11510812,Male,25,13844791357,
Tao Zhiyong,11210219,Male,28,13955068968,
Jiang Yingzhi,11811718,Female,22,13872012534,
Yu Shuzhen,11211904,Female,28,15002712259,
Zhang Runyi,11910127,Male,21,18601703786,
Qian Yuyang,12210916,Female,18,18693379558,
Shen Zhengsong,12112013,Male,19,18910613781,
Shen Shitong,12112802,Female,19,13826123601,
Zhang Yousong,11412615,Female,26,18677768520,
Dou Yunshuo,11111829,Male,29,15005616385,
Jiang Tingping,12012726,Female,20,15640956081,
Yu Ruichen,11110410,Male,29,15653633429,
Sun Ruyu,11511728,Male,25,18630096502,
Zhang Benqing,12210029,Male,18,13960918549,
Tao Ercui,12111202,Female,19,13855084716,
Han Hengran,11411320,Male,26,15017659962,
Lv Shizhen,11511902,Female,25,15070802434,
Hua Siyu,11112503,Male,29,13844751765,
Chen Yueqi,11512800,Male,25,15696096714,
Kong Pinglv,11711716,Female,23,15067667014,
Wei Yingtian,11811816,Female,22,18950729224,
Sun Tianlan,11910725,Female,21,18981600745,
Qing Canning,11911411,Male,21,13898229676,
Xu Bingzhi,12011115,Male,20,15666294015,
Zhu Rufeng,11311510,Female,27,15010716872,
Qian Yiyu,11912900,Female,21,15064462930,
Zhou Yaokun,11312823,Male,27,15694798702,
Jing Muhua,12211621,Male,18,15023695830,
Qi Gulian,11712400,Female,23,13855733112,
You Boran,11711218,Male,23,13963049796,
Li Lewen,11611225,Male,24,13800724495,
Zou Zhidie,11611117,Female,24,15008520109,
Qian Qianqiu,11710621,Female,23,13826275879,
Zhou Huanqing,11911206,Female,21,15060104803,
Shi Runyi,11210628,Male,28,13911676010,
Qi Yinxiang,12210722,Male,18,15076744537,
He Banxiang,11211615,Female,28,18924078589,
Xu Zhuyu,11610802,Male,24,18903294883,
Yang Hanzhe,11612023,Male,24,18982417146,
Yang Manyun,11311818,Female,27,18946478788,
Xu Honglin,11111703,Male,29,13902792173,
Jiang Rusi,11210524,Female,28,18668906200,
Shui Nuobo,12111922,Male,19,13913540869,
Wang Mucheng,11210307,Male,28,15068585157,
Zhou Canqi,11912729,Male,21,15012145938,
Tao Chengjun,11210724,Male,28,15034757254,
Zheng Jingyun,12212519,Male,18,13913682824,
Kong Yishan,12011017,Male,20,13846951812,
Chen Hanfeng,11711517,Female,23,13852281965,
Qing Jingping,11810008,Female,22,13829205071,
Qi Jiabin,11210706,Male,28,13883890984,
Zou Huasheng,11411213,Male,26,13890220609,
Zhang  biqin,11710100,Female,23,13913466199,
Qing Chumei,11310711,Female,27,13830026419,
Sun Jiaxuan,12110710,Male,19,18965536051,
Shen Yangchen,11410600,Male,26,13830653355,
Qing Pingning,12212516,Female,18,15036759293,
Xu Dongsi,11410915,Female,26,15618203439,
Zou Banqin,11910808,Female,21,13901142432,
Qian Shunhang,11510516,Male,25,13904943158,
Liu Wenjing,11812101,Male,22,18659494427,
Yan Yuanxiang,11610809,Male,24,15057827326,
Cao Zicheng,11410907,Male,26,13973963674,
Wei Youman,11710213,Female,23,15690572094,
Yu Chutai,11110407,Male,29,13928637245,
Xie Jiafu,11211902,Male,28,18680749663,
Tao Shuxuan,11111424,Female,29,15085116120,
Yu Huasheng,11711115,Male,23,15621142637,
Zhu Yuanchun,11310220,Female,27,13927562806,
Chu Runyi,11410122,Male,26,18665857267,
Sun Wenyan,11412417,Female,26,18663855859,
Zhu Honglin,11210312,Male,28,13825820064,
Shi Hongbang,11811124,Male,22,18947053480,
Kong Xiaocui,12010920,Female,20,15021189476,
Jing Ziyan,11812908,Male,22,15688018946,
Wang Lisheng,11311223,Male,27,13947865508,
Bai Ermei,11111609,Female,29,18673422309,
Kong Yuandong,11610829,Female,24,13957711628,
Shi Tingping,12111228,Female,19,15061819814,
Zhou Zhuodong,11512607,Male,25,13961123893,
Xie Ercui,11412600,Female,26,18981092712,
Kong Xumeng,11510129,Male,25,13943189492,
Han Haizhen,11311306,Female,27,13821047811,
You Qiaoqing,11212203,Female,28,13956614701,
Jiang Jiaji,12111524,Male,19,18632801398,
Zhang Binzhu,11711509,Male,23,13993214232,
Zhang Miaorui,11610903,Male,24,18672794124,
Chen Ziquan,11112317,Male,29,18900813304,
Yang Baitao,11111206,Female,29,15660272878,
Kong Aonan,11512419,Female,25,13891465941,
Bai Hanzhe,11912012,Male,21,18938086436,
Shi Guzhu,11911722,Female,21,18968522668,
You Ruoke,11612314,Male,24,13940007283,
Shui Huaiyun,12012601,Female,20,13916281841,
Xie Wenyan,11512702,Female,25,18968451760,
Shen Haifeng,12211729,Female,18,15620510105,
Yang Guqiu,11911407,Female,21,18618885717,
Qian Linghan,12112206,Female,19,13829631725,
Qing Benqing,11511421,Male,25,13935686416,
Li Benqing,11111624,Male,29,13889199951,
Wei Shiyi,11311313,Male,27,13886365952,
Qian Jishan,11410411,Female,26,13956678456,
Chu Guqiu,12212528,Female,18,18974814682,
He Yihao,12011011,Male,20,15652825716,
Xu Yishan,11612829,Male,24,15045884000,
Xu Jiashu,12010216,Male,20,15683516519,
He Hanxiang,12010024,Male,20,18652217119,
Qian Banxiang,12112920,Female,19,18620119860,
Xie Tingqin,11610322,Female,24,13851038298,
Zhang Zhixiang,11411810,Male,26,18648771704,
Qing  zixue,12212622,Female,18,15657449973,
Chen Haoyan,11310607,Male,27,13870705830,
Chen Jiashuai,12111814,Male,19,15003660263,
Chen Chenjia,11911913,Male,21,15098824410,
Jing Yishan,12012023,Female,20,15604491880,
You Qicheng,11110306,Male,29,15640275929,
Hua Zhaoyu,11210013,Male,28,15699277820,
Zhou Miyan,12211926,Female,18,15014782909,
Yu Haonan,12210804,Male,18,18620772002,
Xie Pingning,11712725,Female,23,15014021450,
Chen Jiabin,11410308,Male,26,15052390956,
Zhao Yankun,11412126,Male,26,15006083021,
Dou Wanzhi,11210923,Female,28,15098913299,
He Yuke,11411011,Male,26,13862391062,
You Shaohu,11911822,Male,21,18985524552,
Liu Miaorui,12011102,Male,20,13875091436,
Zhao Yihao,12012128,Male,20,15052905135,
Shen Mengbai,11910305,Female,21,13973701454,
He Xinyue,12110813,Male,19,13928811240,
Chu Jingwen,12111726,Male,19,15646720643,
Jiang Fanrui,11412215,Male,26,13930330234,
Zou Muxue,11410104,Female,26,18658582425,
Qian Jiaxuan,12211323,Male,18,13857780312,
Shi Zhuodong,11910007,Male,21,15648162947,
Zheng Lvping,11712901,Female,23,15668995243,
Zhu Tinghan,11612201,Female,24,18936952957,
Zhu Weian,11211004,Male,28,15694244602,
He Ruixun,11212015,Male,28,13864072467,
Tao Manrui,11712513,Male,23,13825405039,
Bai Rusi,11210225,Female,28,15080012926,
Shi Wenming,11112303,Male,29,15079523863,
Tao Yibo,12210416,Female,18,13866742389,
Wu Xiangchen,11510914,Male,25,18662243923,
Zhou Yanbai,12012818,Female,20,13835332483,
Chen Nianer,12212709,Female,18,15697366927,
Yan Shumeng,12210614,Female,18,15660589740,
Shui Ruoyan,11610619,Female,24,18637811038,
